Book_Name,Chapter_Number,Chapter_English,Chapter_Arabic,Section_Number,Section_English,Section_Arabic,Hadith_number,English_Hadith,English_Isnad,English_Matn,Arabic_Hadith,Arabic_Isnad,Arabic_Matn,Arabic_Comment,English_Grade,Arabic_Grade
IbnMaja,26,Chapters on Sacrifices,كتاب الأضاحي,,,,3164,"It was narrated from Anas bin Malik: “The Messenger of Allah (ﷺ) used to sacrifice two horned, black-and-white rams and he would say the Name of Allah and pronounce His greatness. I saw him slaughtering them with his own hand, putting his foot on their sides.”",It was narrated from Anas bin Malik:,"“The Messenger of Allah (ﷺ) used to sacrifice two horned, black-and-white rams and he would say the Name of Allah and pronounce His greatness. I saw him slaughtering them with his own hand, putting his foot on their sides.”",حَدَّثَنَا نَصْرُ بْنُ عَلِيٍّ الْجَهْضَمِيُّ، حَدَّثَنِي أَبِي ح، وَحَدَّثَنَا مُحَمَّدُ بْنُ بَشَّارٍ، حَدَّثَنَا مُحَمَّدُ بْنُ جَعْفَرٍ، قَالاَ حَدَّثَنَا شُعْبَةُ، سَمِعْتُ قَتَادَةَ، يُحَدِّثُ عَنْ أَنَسِ بْنِ مَالِكٍ، أَنَّ رَسُولَ اللَّهِ ـ صلى الله عليه وسلم ـ كَانَ يُضَحِّي بِكَبْشَيْنِ أَمْلَحَيْنِ أَقْرَنَيْنِ وَيُسَمِّي وَيُكَبِّرُ وَلَقَدْ رَأَيْتُهُ يَذْبَحُ بِيَدِهِ وَاضِعًا قَدَمَهُ عَلَى صِفَاحِهِمَا ‏.‏,حَدَّثَنَا نَصْرُ بْنُ عَلِيٍّ الْجَهْضَمِيُّ، حَدَّثَنِي أَبِي ح، وَحَدَّثَنَا مُحَمَّدُ بْنُ بَشَّارٍ، حَدَّثَنَا مُحَمَّدُ بْنُ جَعْفَرٍ، قَالاَ حَدَّثَنَا شُعْبَةُ، سَمِعْتُ قَتَادَةَ، يُحَدِّثُ عَنْ أَنَسِ بْنِ مَالِكٍ،,أَنَّ رَسُولَ اللَّهِ صلى الله عليه وسلم كَانَ يُضَحِّي بِكَبْشَيْنِ أَمْلَحَيْنِ أَقْرَنَيْنِ وَيُسَمِّي وَيُكَبِّرُ وَلَقَدْ رَأَيْتُهُ يَذْبَحُ بِيَدِهِ وَاضِعًا قَدَمَهُ عَلَى صِفَاحِهِمَا, ,Sahih - Authentic,صحيح
IbnMaja,26,Chapters on Sacrifices,كتاب الأضاحي,,,,3165,"It was narrated that Jabir bin ‘Abdullah said: “The Messenger of Allah (ﷺ) sacrificed two rams on the Day of ‘Eid. When he turned them to face towards the prayer direction he said: ‘Verily, I have turned my face towards Him Who has created the heavens and the earth, as a monotheist, and I am not of the polytheists. Verily, my prayer, my sacrifice, my living, and my dying are for Allah, the Lord of all that exists. He has no partner. And of this I have been commanded, and I am the first of the Muslims. [6:79,162-163] O Allah, from You to You, on behalf of Muhammad and his nation.’”",It was narrated that Jabir bin ‘Abdullah said:,"“The Messenger of Allah (ﷺ) sacrificed two rams on the Day of ‘Eid. When he turned them to face towards the prayer direction he said: ‘Verily, I have turned my face towards Him Who has created the heavens and the earth, as a monotheist, and I am not of the polytheists. Verily, my prayer, my sacrifice, my living, and my dying are for Allah, the Lord of all that exists. He has no partner. And of this I have been commanded, and I am the first of the Muslims. [6:79,162-163] O Allah, from You to You, on behalf of Muhammad and his nation.’”",حَدَّثَنَا هِشَامُ بْنُ عَمَّارٍ، حَدَّثَنَا إِسْمَاعِيلُ بْنُ عَيَّاشٍ، حَدَّثَنَا مُحَمَّدُ بْنُ إِسْحَاقَ، عَنْ يَزِيدَ بْنِ أَبِي حَبِيبٍ، عَنْ أَبِي عَيَّاشٍ الزُّرَقِيِّ، عَنْ جَابِرِ بْنِ عَبْدِ اللَّهِ، قَالَ ضَحَّى رَسُولُ اللَّهِ ـ صلى الله عليه وسلم ـ يَوْمَ عِيدٍ بِكَبْشَيْنِ فَقَالَ حِينَ وَجَّهَهُمَا ‏ ‏ إِنِّي وَجَّهْتُ وَجْهِيَ لِلَّذِي فَطَرَ السَّمَوَاتِ وَالأَرْضَ حَنِيفًا وَمَا أَنَا مِنَ الْمُشْرِكِينَ إِنَّ صَلاَتِي وَنُسُكِي وَمَحْيَاىَ وَمَمَاتِي لِلَّهِ رَبِّ الْعَالَمِينَ لاَ شَرِيكَ لَهُ وَبِذَلِكَ أُمِرْتُ وَأَنَا أَوَّلُ الْمُسْلِمِينَ اللَّهُمَّ مِنْكَ وَلَكَ عَنْ مُحَمَّدٍ وَأُمَّتِهِ ‏‏ ‏.‏,حَدَّثَنَا هِشَامُ بْنُ عَمَّارٍ، حَدَّثَنَا إِسْمَاعِيلُ بْنُ عَيَّاشٍ، حَدَّثَنَا مُحَمَّدُ بْنُ إِسْحَاقَ، عَنْ يَزِيدَ بْنِ أَبِي حَبِيبٍ، عَنْ أَبِي عَيَّاشٍ الزُّرَقِيِّ، عَنْ جَابِرِ بْنِ عَبْدِ,اللَّهِ، قَالَ ضَحَّى رَسُولُ اللَّهِ صلى الله عليه وسلم يَوْمَ عِيدٍ بِكَبْشَيْنِ فَقَالَ حِينَ وَجَّهَهُمَا إِنِّي وَجَّهْتُ وَجْهِيَ لِلَّذِي فَطَرَ السَّمَوَاتِ وَالأَرْضَ حَنِيفًا وَمَا أَنَا مِنَ الْمُشْرِكِينَ إِنَّ صَلاَتِي وَنُسُكِي وَمَحْيَاىَ وَمَمَاتِي لِلَّهِ رَبِّ الْعَالَمِينَ لاَ شَرِيكَ لَهُ وَبِذَلِكَ أُمِرْتُ وَأَنَا أَوَّلُ الْمُسْلِمِينَ اللَّهُمَّ مِنْكَ وَلَكَ عَنْ مُحَمَّدٍ وَأُمَّتِهِ, ,Hasan - Good,حسن
IbnMaja,26,Chapters on Sacrifices,كتاب الأضاحي,,,,3166,"It was narrated from ‘Aishah and Abu Hurairah that when the Messenger of Allah (ﷺ) wanted to offer a sacrifice, he brought two large, fat, horned, black-and-white, castrated rams. He slaughtered one on behalf of his nation, for whoever testified to Allah with monotheism and that he had conveyed (the Message), and he slaughtered the other on behalf of Muhammad and the family of Muhammad (ﷺ).",,"It was
narrated from ‘Aishah and Abu Hurairah that when the Messenger
of
Allah (ﷺ) wanted to offer a sacrifice, he brought two large, fat,
horned, black-and-white, castrated rams. He slaughtered one on behalf
of his nation, for whoever testified to Allah with monotheism and
that
he had conveyed (the Message), and he slaughtered the other on
behalf
of Muhammad and the family of Muhammad (ﷺ).",حَدَّثَنَا مُحَمَّدُ بْنُ يَحْيَى، حَدَّثَنَا عَبْدُ الرَّزَّاقِ، أَنْبَأَنَا سُفْيَانُ الثَّوْرِيُّ، عَنْ عَبْدِ اللَّهِ بْنِ مُحَمَّدِ بْنِ عَقِيلٍ، عَنْ أَبِي سَلَمَةَ، عَنْ عَائِشَةَ، وَعَنْ أَبِي هُرَيْرَةَ، أَنَّ رَسُولَ اللَّهِ ـ صلى الله عليه وسلم ـ كَانَ إِذَا أَرَادَ أَنْ يُضَحِّيَ اشْتَرَى كَبْشَيْنِ عَظِيمَيْنِ سَمِينَيْنِ أَقْرَنَيْنِ أَمْلَحَيْنِ مَوْجُوءَيْنِ فَذَبَحَ أَحَدَهُمَا عَنْ أُمَّتِهِ لِمَنْ شَهِدَ لِلَّهِ بِالتَّوْحِيدِ وَشَهِدَ لَهُ بِالْبَلاَغِ وَذَبَحَ الآخَرَ عَنْ مُحَمَّدٍ وَعَنْ آلِ مُحَمَّدٍ ـ صلى الله عليه وسلم ـ ‏.‏, حَدَّثَنَا مُحَمَّدُ بْنُ يَحْيَى، حَدَّثَنَا عَبْدُ الرَّزَّاقِ، أَنْبَأَنَا سُفْيَانُ الثَّوْرِيُّ، عَنْ عَبْدِ اللَّهِ بْنِ مُحَمَّدِ بْنِ عَقِيلٍ، عَنْ أَبِي سَلَمَةَ، عَنْ, عَائِشَةَ، وَعَنْ أَبِي هُرَيْرَةَ، أَنَّ رَسُولَ اللَّهِ صلى الله عليه وسلم كَانَ إِذَا أَرَادَ أَنْ يُضَحِّيَ اشْتَرَى كَبْشَيْنِ عَظِيمَيْنِ سَمِينَيْنِ أَقْرَنَيْنِ أَمْلَحَيْنِ مَوْجُوءَيْنِ فَذَبَحَ أَحَدَهُمَا عَنْ أُمَّتِهِ لِمَنْ شَهِدَ لِلَّهِ بِالتَّوْحِيدِ وَشَهِدَ لَهُ بِالْبَلاَغِ وَذَبَحَ الآخَرَ عَنْ مُحَمَّدٍ وَعَنْ آلِ مُحَمَّدٍ صلى الله عليه وسلم, ,Hasan - Good,حسن
IbnMaja,26,Chapters on Sacrifices,كتاب الأضاحي,,,,3167,"It was narrated from Abu Hurairah that the Messenger of Allah (ﷺ) said: “Whoever can afford it, but does not offer a sacrifice, let him not come near our prayer place.”",It was narrated from Abu Hurairah that the Messenger of Allah (ﷺ) said:,"“Whoever can afford it, but does not offer a sacrifice, let him not come near our prayer place.”",حَدَّثَنَا أَبُو بَكْرِ بْنُ أَبِي شَيْبَةَ، حَدَّثَنَا زَيْدُ بْنُ الْحُبَابِ، حَدَّثَنَا عَبْدُ اللَّهِ بْنُ عَيَّاشٍ، عَنْ عَبْدِ الرَّحْمَنِ الأَعْرَجِ، عَنْ أَبِي هُرَيْرَةَ، أَنَّ رَسُولَ اللَّهِ ـ صلى الله عليه وسلم ـ قَالَ ‏ ‏ مَنْ كَانَ لَهُ سَعَةٌ وَلَمْ يُضَحِّ فَلاَ يَقْرَبَنَّ مُصَلاَّنَا ‏‏ ‏.‏,حَدَّثَنَا أَبُو بَكْرِ بْنُ أَبِي شَيْبَةَ، حَدَّثَنَا زَيْدُ بْنُ الْحُبَابِ، حَدَّثَنَا عَبْدُ اللَّهِ بْنُ عَيَّاشٍ، عَنْ عَبْدِ الرَّحْمَنِ الأَعْرَجِ، عَنْ أَبِي,هُرَيْرَةَ، أَنَّ رَسُولَ اللَّهِ صلى الله عليه وسلم قَالَ مَنْ كَانَ لَهُ سَعَةٌ وَلَمْ يُضَحِّ فَلاَ يَقْرَبَنَّ مُصَلاَّنَا, ,Hasan - Good,حسن
IbnMaja,26,Chapters on Sacrifices,كتاب الأضاحي,,,,3168,"It was narrated that Muhammad bin Sirin said: “I asked Ibn ‘Umar about sacrifices and whether they are obligatory. He said: ‘The Messenger of Allah (ﷺ) and the Muslims after him offered sacrifices, and this is the Sunnah.’”",It was narrated that Muhammad bin Sirin said:,"“I asked Ibn ‘Umar about sacrifices and whether they are obligatory. He said: ‘The Messenger of Allah (ﷺ) and the Muslims after him offered sacrifices, and this is the Sunnah.’”",حَدَّثَنَا هِشَامُ بْنُ عَمَّارٍ، حَدَّثَنَا إِسْمَاعِيلُ بْنُ عَيَّاشٍ، حَدَّثَنَا ابْنُ عَوْنٍ، عَنْ مُحَمَّدِ بْنِ سِيرِينَ، قَالَ سَأَلْتُ ابْنَ عُمَرَ عَنِ الضَّحَايَا، أَوَاجِبَةٌ هِيَ قَالَ ضَحَّى رَسُولُ اللَّهِ ـ صلى الله عليه وسلم ـ وَالْمُسْلِمُونَ مِنْ بَعْدِهِ وَجَرَتْ بِهِ السُّنَّةُ ‏.‏,حَدَّثَنَا هِشَامُ بْنُ عَمَّارٍ، حَدَّثَنَا إِسْمَاعِيلُ بْنُ عَيَّاشٍ، حَدَّثَنَا ابْنُ عَوْنٍ، عَنْ مُحَمَّدِ بْنِ سِيرِينَ، قَالَ سَأَلْتُ ابْنَ عُمَرَ عَنِ,الضَّحَايَا، أَوَاجِبَةٌ هِيَ قَالَ ضَحَّى رَسُولُ اللَّهِ صلى الله عليه وسلم وَالْمُسْلِمُونَ مِنْ بَعْدِهِ وَجَرَتْ بِهِ السُّنَّةُ, ,Daif - Weak, 
IbnMaja,26,Chapters on Sacrifices,كتاب الأضاحي,,,,3169,,,,حَدَّثَنَا هِشَامُ بْنُ عَمَّارٍ، حَدَّثَنَا إِسْمَاعِيلُ بْنُ عَيَّاشٍ، حَدَّثَنَا الْحَجَّاجُ بْنُ أَرْطَاةَ، حَدَّثَنَا جَبَلَةُ بْنُ سُحَيْمٍ، قَالَ سَأَلْتُ ابْنَ عُمَرَ ‏.‏ فَذَكَرَ مِثْلَهُ سَوَاءً ‏.‏, حَدَّثَنَا هِشَامُ بْنُ عَمَّارٍ، حَدَّثَنَا إِسْمَاعِيلُ بْنُ عَيَّاشٍ، حَدَّثَنَا الْحَجَّاجُ بْنُ أَرْطَاةَ، حَدَّثَنَا جَبَلَةُ بْنُ سُحَيْمٍ، قَالَ سَأَلْتُ ابْنَ عُمَرَ  فَذَكَرَ مِثْلَهُ سَوَاءً,, ,Daif - Weak, 
IbnMaja,26,Chapters on Sacrifices,كتاب الأضاحي,,,,3170,"It was narrated that Mikhnaf bin Sulaim said: “We were standing with the Prophet (ﷺ) at ‘Arafat and he said: ‘O people, each family, each year, must offer Udhiyah and ‘Atirah.’",It was narrated that Mikhnaf bin Sulaim said:,"“We were standing with the Prophet (ﷺ) at ‘Arafat and he said: ‘O people, each family, each year, must offer Udhiyah and ‘Atirah.’",حَدَّثَنَا أَبُو بَكْرِ بْنُ أَبِي شَيْبَةَ، حَدَّثَنَا مُعَاذُ بْنُ مُعَاذٍ، عَنِ ابْنِ عَوْنٍ، قَالَ أَنْبَأَنَا أَبُو رَمْلَةَ، عَنْ مِخْنَفِ بْنِ سُلَيْمٍ، قَالَ كُنَّا وُقُوفًا عِنْدَ النَّبِيِّ ـ صلى الله عليه وسلم ـ بِعَرَفَةَ فَقَالَ ‏ ‏ يَا أَيُّهَا النَّاسُ إِنَّ عَلَى كُلِّ أَهْلِ بَيْتٍ فِي كُلِّ عَامٍ أُضْحِيَّةً وَعَتِيرَةً ‏‏ ‏.‏ أَتَدْرُونَ مَا الْعَتِيرَةُ هِيَ الَّتِي يُسَمِّيهَا النَّاسُ الرَّجَبِيَّةَ ‏.‏,حَدَّثَنَا أَبُو بَكْرِ بْنُ أَبِي شَيْبَةَ، حَدَّثَنَا مُعَاذُ بْنُ مُعَاذٍ، عَنِ ابْنِ عَوْنٍ، قَالَ أَنْبَأَنَا أَبُو رَمْلَةَ، عَنْ مِخْنَفِ بْنِ سُلَيْمٍ،,قَالَ كُنَّا وُقُوفًا عِنْدَ النَّبِيِّ صلى الله عليه وسلم بِعَرَفَةَ فَقَالَ يَا أَيُّهَا النَّاسُ إِنَّ عَلَى كُلِّ أَهْلِ بَيْتٍ فِي كُلِّ عَامٍ أُضْحِيَّةً وَعَتِيرَةً أَتَدْرُونَ مَا الْعَتِيرَةُ هِيَ الَّتِي يُسَمِّيهَا النَّاسُ الرَّجَبِيَّةَ, ,Daif - Weak, 
IbnMaja,26,Chapters on Sacrifices,كتاب الأضاحي,,,,3171,It was narrated from ’Aishah that the Prophet (ﷺ) said: “The son of Adam does not do any deed on the Day of Sacrifice that is dearer to Allah than shedding blood. It will come on the Day of Resurrection with its horns and cloven hoofs and hair. Its blood is accepted by Allah before it reaches the ground. So be content when you do it.”,It was narrated from ’Aishah that the Prophet (ﷺ) said:,“The son of Adam does not do any deed on the Day of Sacrifice that is dearer to Allah than shedding blood. It will come on the Day of Resurrection with its horns and cloven hoofs and hair. Its blood is accepted by Allah before it reaches the ground. So be content when you do it.”,حَدَّثَنَا عَبْدُ الرَّحْمَنِ بْنُ إِبْرَاهِيمَ الدِّمَشْقِيُّ، حَدَّثَنَا عَبْدُ اللَّهِ بْنُ نَافِعٍ، حَدَّثَنِي أَبُو الْمُثَنَّى، عَنْ هِشَامِ بْنِ عُرْوَةَ، عَنْ أَبِيهِ، عَنْ عَائِشَةَ، أَنَّ النَّبِيَّ ـ صلى الله عليه وسلم ـ قَالَ ‏ ‏ مَا عَمِلَ ابْنُ آدَمَ يَوْمَ النَّحْرِ عَمَلاً أَحَبَّ إِلَى اللَّهِ عَزَّ وَجَلَّ مِنْ هِرَاقَةِ دَمٍ وَإِنَّهُ لَيَأْتِي يَوْمَ الْقِيَامَةِ بِقُرُونِهَا وَأَظْلاَفِهَا وَأَشْعَارِهَا وَإِنَّ الدَّمَ لَيَقَعُ مِنَ اللَّهِ عَزَّ وَجَلَّ بِمَكَانٍ قَبْلَ أَنْ يَقَعَ عَلَى الأَرْضِ فَطِيبُوا بِهَا نَفْسًا ‏‏ ‏.‏,حَدَّثَنَا عَبْدُ الرَّحْمَنِ بْنُ إِبْرَاهِيمَ الدِّمَشْقِيُّ، حَدَّثَنَا عَبْدُ اللَّهِ بْنُ نَافِعٍ، حَدَّثَنِي أَبُو الْمُثَنَّى، عَنْ هِشَامِ بْنِ عُرْوَةَ، عَنْ أَبِيهِ، عَنْ,عَائِشَةَ، أَنَّ النَّبِيَّ صلى الله عليه وسلم قَالَ مَا عَمِلَ ابْنُ آدَمَ يَوْمَ النَّحْرِ عَمَلاً أَحَبَّ إِلَى اللَّهِ عَزَّ وَجَلَّ مِنْ هِرَاقَةِ دَمٍ وَإِنَّهُ لَيَأْتِي يَوْمَ الْقِيَامَةِ بِقُرُونِهَا وَأَظْلاَفِهَا وَأَشْعَارِهَا وَإِنَّ الدَّمَ لَيَقَعُ مِنَ اللَّهِ عَزَّ وَجَلَّ بِمَكَانٍ قَبْلَ أَنْ يَقَعَ عَلَى الأَرْضِ فَطِيبُوا بِهَا نَفْسًا, ,Daif - Weak, 
IbnMaja,26,Chapters on Sacrifices,كتاب الأضاحي,,,,3172,"It was narrated that Zaid bin Arqam said: “The Companions of the Messenger of Allah (ﷺ) said: ‘O Messenger of Allah, what are these sacrifices?’ He said: ‘The Sunnah of your father Ibrahim.’ They said: ‘What is there for us in them, O Messenger of Allah?’ He said: ‘For every hair, one merit.’ They said: ‘What about wool, O Messenger of Allah?’ He said: ‘For every hair of wool, one merit.’”",It was narrated that Zaid bin Arqam said:,"“The Companions of the Messenger of Allah (ﷺ) said: ‘O Messenger of Allah, what are these sacrifices?’ He said: ‘The Sunnah of your father Ibrahim.’ They said: ‘What is there for us in them, O Messenger of Allah?’ He said: ‘For every hair, one merit.’ They said: ‘What about wool, O Messenger of Allah?’ He said: ‘For every hair of wool, one merit.’”","حَدَّثَنَا مُحَمَّدُ بْنُ خَلَفٍ الْعَسْقَلاَنِيُّ، حَدَّثَنَا آدَمُ بْنُ أَبِي إِيَاسٍ، حَدَّثَنَا سَلاَّمُ بْنُ مِسْكِينٍ، حَدَّثَنَا عَائِذُ اللَّهِ، عَنْ أَبِي دَاوُدَ، عَنْ زَيْدِ بْنِ أَرْقَمَ، قَالَ قَالَ أَصْحَابُ رَسُولِ اللَّهِ ـ صلى الله عليه وسلم ـ يَا رَسُولَ اللَّهِ مَا هَذِهِ الأَضَاحِيُّ قَالَ ‏""‏ سُنَّةُ أَبِيكُمْ إِبْرَاهِيمَ ‏""‏ ‏.‏ قَالُوا فَمَا لَنَا فِيهَا يَا رَسُولَ اللَّهِ قَالَ ‏""‏ بِكُلِّ شَعَرَةٍ حَسَنَةٌ ‏""‏ ‏.‏ قَالُوا فَالصُّوفُ يَا رَسُولَ اللَّهِ قَالَ ‏""‏ بِكُلِّ شَعَرَةٍ مِنَ الصُّوفِ حَسَنَةٌ ‏""‏ ‏.‏",حَدَّثَنَا مُحَمَّدُ بْنُ خَلَفٍ الْعَسْقَلاَنِيُّ، حَدَّثَنَا آدَمُ بْنُ أَبِي إِيَاسٍ، حَدَّثَنَا سَلاَّمُ بْنُ مِسْكِينٍ، حَدَّثَنَا عَائِذُ اللَّهِ، عَنْ أَبِي دَاوُدَ، عَنْ زَيْدِ بْنِ أَرْقَمَ، قَالَ قَالَ,أَصْحَابُ رَسُولِ اللَّهِ صلى الله عليه وسلم يَا رَسُولَ اللَّهِ مَا هَذِهِ الأَضَاحِيُّ قَالَ سُنَّةُ أَبِيكُمْ إِبْرَاهِيمَ قَالُوا فَمَا لَنَا فِيهَا يَا رَسُولَ اللَّهِ قَالَ بِكُلِّ شَعَرَةٍ حَسَنَةٌ قَالُوا فَالصُّوفُ يَا رَسُولَ اللَّهِ قَالَ بِكُلِّ شَعَرَةٍ مِنَ الصُّوفِ حَسَنَةٌ, ,Daif - Weak, 
IbnMaja,26,Chapters on Sacrifices,كتاب الأضاحي,,,,3173,"It was narrated that Abu Sa’eed said: “The Messenger of Allah (ﷺ) sacrificed a horned, defectless ram with a black stomach, black feet and black around its eyes.”",It was narrated that Abu Sa’eed said:,"“The Messenger of Allah (ﷺ) sacrificed a horned, defectless ram with a black stomach, black feet and black around its eyes.”",حَدَّثَنَا مُحَمَّدُ بْنُ عَبْدِ اللَّهِ بْنِ نُمَيْرٍ، حَدَّثَنَا حَفْصُ بْنُ غِيَاثٍ، عَنْ جَعْفَرِ بْنِ مُحَمَّدٍ، عَنْ أَبِيهِ، عَنْ أَبِي سَعِيدٍ، قَالَ ضَحَّى رَسُولُ اللَّهِ ـ صلى الله عليه وسلم ـ بِكَبْشٍ أَقْرَنَ فَحِيلٍ يَأْكُلُ فِي سَوَادٍ وَيَمْشِي فِي سَوَادٍ وَيَنْظُرُ فِي سَوَادٍ ‏.‏,حَدَّثَنَا مُحَمَّدُ بْنُ عَبْدِ اللَّهِ بْنِ نُمَيْرٍ، حَدَّثَنَا حَفْصُ بْنُ غِيَاثٍ، عَنْ جَعْفَرِ بْنِ مُحَمَّدٍ، عَنْ أَبِيهِ، عَنْ أَبِي سَعِيدٍ،,قَالَ ضَحَّى رَسُولُ اللَّهِ صلى الله عليه وسلم بِكَبْشٍ أَقْرَنَ فَحِيلٍ يَأْكُلُ فِي سَوَادٍ وَيَمْشِي فِي سَوَادٍ وَيَنْظُرُ فِي سَوَادٍ, ,Hasan - Good,حسن
IbnMaja,26,Chapters on Sacrifices,كتاب الأضاحي,,,,3174,"Yunus bin Maisarah bin Halbas said: “I went out with Abu Sa’eed Az- Zuraqi, the Companion of the Messenger of Allah (ﷺ), to buy animals or sacrifice.” Yunus said: “Abu Sa’eed pointed to a ram that had some blackness around its ears and jaw, and was neither too big nor too small, and said to me: ‘Buy this one for them, as it seems to resemble the ram of the Messenger of Allah (ﷺ).’”",Yunus bin Maisarah bin Halbas said:,"“I went out with Abu Sa’eed Az- Zuraqi, the Companion of the Messenger of Allah (ﷺ), to buy animals or sacrifice.” Yunus said: “Abu Sa’eed pointed to a ram that had some blackness around its ears and jaw, and was neither too big nor too small, and said to me: ‘Buy this one for them, as it seems to resemble the ram of the Messenger of Allah (ﷺ).’”",حَدَّثَنَا عَبْدُ الرَّحْمَنِ بْنُ إِبْرَاهِيمَ، حَدَّثَنَا مُحَمَّدُ بْنُ شُعَيْبٍ، أَخْبَرَنِي سَعِيدُ بْنُ عَبْدِ الْعَزِيزِ، حَدَّثَنَا يُونُسُ بْنُ مَيْسَرَةَ بْنِ حَلْبَسٍ، قَالَ خَرَجْنَا مَعَ أَبِي سَعِيدٍ الزُّرَقِيِّ - صَاحِبِ رَسُولِ اللَّهِ ـ صلى الله عليه وسلم ـ - إِلَى شِرَاءِ الضَّحَايَا ‏.‏ قَالَ يُونُسُ فَأَشَارَ أَبُو سَعِيدٍ إِلَى كَبْشٍ أَدْغَمَ لَيْسَ بِالْمُرْتَفِعِ وَلاَ الْمُتَّضِعِ فِي جِسْمِهِ فَقَالَ لِي اشْتَرِ لِي هَذَا ‏.‏ كَأَنَّهُ شَبَّهَهُ بِكَبْشِ رَسُولِ اللَّهِ ـ صلى الله عليه وسلم ـ ‏.‏,حَدَّثَنَا عَبْدُ الرَّحْمَنِ بْنُ إِبْرَاهِيمَ، حَدَّثَنَا مُحَمَّدُ بْنُ شُعَيْبٍ، أَخْبَرَنِي سَعِيدُ بْنُ عَبْدِ الْعَزِيزِ، حَدَّثَنَا يُونُسُ بْنُ مَيْسَرَةَ بْنِ حَلْبَسٍ، قَالَ خَرَجْنَا مَعَ أَبِي سَعِيدٍ الزُّرَقِيِّ,صَاحِبِ رَسُولِ اللَّهِ صلى الله عليه وسلم إِلَى شِرَاءِ الضَّحَايَا قَالَ يُونُسُ فَأَشَارَ أَبُو سَعِيدٍ إِلَى كَبْشٍ أَدْغَمَ لَيْسَ بِالْمُرْتَفِعِ وَلاَ الْمُتَّضِعِ فِي جِسْمِهِ فَقَالَ لِي اشْتَرِ لِي هَذَا كَأَنَّهُ شَبَّهَهُ بِكَبْشِ رَسُولِ اللَّهِ صلى الله عليه وسلم, ,Hasan - Good,حسن
IbnMaja,26,Chapters on Sacrifices,كتاب الأضاحي,,,,3175,It was narrated from Abu Umamah Al-Bahili that the Messenger of Allah (ﷺ) said: “The best of shrouds is a two piece Najrani garment and the best of sacrifices is a horned ram.”,It was narrated from Abu Umamah Al-Bahili that the Messenger of Allah (ﷺ) said:,“The best of shrouds is a two piece Najrani garment and the best of sacrifices is a horned ram.”,حَدَّثَنَا الْعَبَّاسُ بْنُ عُثْمَانَ الدِّمَشْقِيُّ، حَدَّثَنَا الْوَلِيدُ بْنُ مُسْلِمٍ، حَدَّثَنَا أَبُو عَائِذٍ، أَنَّهُ سَمِعَ سُلَيْمَ بْنَ عَامِرٍ، يُحَدِّثُ عَنْ أَبِي أُمَامَةَ الْبَاهِلِيِّ، أَنَّ رَسُولَ اللَّهِ ـ صلى الله عليه وسلم ـ قَالَ ‏ ‏ خَيْرُ الْكَفَنِ الْحُلَّةُ وَخَيْرُ الضَّحَايَا الْكَبْشُ الأَقْرَنُ ‏‏ ‏.‏,حَدَّثَنَا الْعَبَّاسُ بْنُ عُثْمَانَ الدِّمَشْقِيُّ، حَدَّثَنَا الْوَلِيدُ بْنُ مُسْلِمٍ، حَدَّثَنَا أَبُو عَائِذٍ، أَنَّهُ سَمِعَ سُلَيْمَ بْنَ عَامِرٍ، يُحَدِّثُ عَنْ أَبِي أُمَامَةَ الْبَاهِلِيِّ،,أَنَّ رَسُولَ اللَّهِ صلى الله عليه وسلم قَالَ خَيْرُ الْكَفَنِ الْحُلَّةُ وَخَيْرُ الضَّحَايَا الْكَبْشُ الأَقْرَنُ, ,Daif - Weak, 
IbnMaja,26,Chapters on Sacrifices,كتاب الأضاحي,,,,3176,"it was narrated that Ibn ‘Abbas said: “We were with the Messenger of Allah (ﷺ) on a journey, and the (day of) Al-Adha came. We (sacrificed) one camel on behalf of ten (people) and one cow on behalf of seven.”",it was narrated that Ibn ‘Abbas said:,"“We were with the Messenger of Allah (ﷺ) on a journey, and the (day of) Al-Adha came. We (sacrificed) one camel on behalf of ten (people) and one cow on behalf of seven.”",حَدَّثَنَا هَدِيَّةُ بْنُ عَبْدِ الْوَهَّابِ، أَنْبَأَنَا الْفَضْلُ بْنُ مُوسَى، أَنْبَأَنَا الْحُسَيْنُ بْنُ وَاقِدٍ، عَنْ عِلْبَاءَ بْنِ أَحْمَرَ، عَنْ عِكْرِمَةَ، عَنِ ابْنِ عَبَّاسٍ، قَالَ كُنَّا مَعَ رَسُولِ اللَّهِ ـ صلى الله عليه وسلم ـ فِي سَفَرٍ فَحَضَرَ الأَضْحَى فَاشْتَرَكْنَا فِي الْجَزُورِ عَنْ عَشَرَةٍ وَالَبَقَرَةِ عَنْ سَبْعَةٍ ‏.‏,حَدَّثَنَا هَدِيَّةُ بْنُ عَبْدِ الْوَهَّابِ، أَنْبَأَنَا الْفَضْلُ بْنُ مُوسَى، أَنْبَأَنَا الْحُسَيْنُ بْنُ وَاقِدٍ، عَنْ عِلْبَاءَ بْنِ أَحْمَرَ، عَنْ عِكْرِمَةَ، عَنِ ابْنِ عَبَّاسٍ،,قَالَ كُنَّا مَعَ رَسُولِ اللَّهِ صلى الله عليه وسلم فِي سَفَرٍ فَحَضَرَ الأَضْحَى فَاشْتَرَكْنَا فِي الْجَزُورِ عَنْ عَشَرَةٍ وَالَبَقَرَةِ عَنْ سَبْعَةٍ, ,Hasan - Good,حسن
IbnMaja,26,Chapters on Sacrifices,كتاب الأضاحي,,,,3177,"It was narrated that Jabir said: “We offered sacrifices at Al- Hudaibiyah with the Prophet (ﷺ), a camel on behalf of seven (people) and a cow on behalf of seven.”",It was narrated that Jabir said:,"“We offered sacrifices at Al- Hudaibiyah with the Prophet (ﷺ), a camel on behalf of seven (people) and a cow on behalf of seven.”",حَدَّثَنَا مُحَمَّدُ بْنُ يَحْيَى، حَدَّثَنَا عَبْدُ الرَّزَّاقِ، عَنْ مَالِكِ بْنِ أَنَسٍ، عَنْ أَبِي الزُّبَيْرِ، عَنْ جَابِرٍ، قَالَ نَحَرْنَا بِالْحُدَيْبِيَةِ مَعَ النَّبِيِّ ـ صلى الله عليه وسلم ـ الْبَدَنَةَ عَنْ سَبْعَةٍ وَالْبَقَرَةَ عَنْ سَبْعَةٍ ‏.‏,حَدَّثَنَا مُحَمَّدُ بْنُ يَحْيَى، حَدَّثَنَا عَبْدُ الرَّزَّاقِ، عَنْ مَالِكِ بْنِ أَنَسٍ، عَنْ أَبِي الزُّبَيْرِ، عَنْ جَابِرٍ، قَالَ,نَحَرْنَا بِالْحُدَيْبِيَةِ مَعَ النَّبِيِّ صلى الله عليه وسلم الْبَدَنَةَ عَنْ سَبْعَةٍ وَالْبَقَرَةَ عَنْ سَبْعَةٍ, ,Sahih - Authentic,صحيح
IbnMaja,26,Chapters on Sacrifices,كتاب الأضاحي,,,,3178,"It was narrated that Abu Hurairah said: “The Messenger of Allah (ﷺ) slaughtered a cow on behalf of all his wives who had performed ‘Umrah, during the Farewell Pilgrimage.”",It was narrated that Abu Hurairah said:,"“The Messenger of Allah (ﷺ) slaughtered a cow on behalf of all his wives who had performed ‘Umrah, during the Farewell Pilgrimage.”",حَدَّثَنَا عَبْدُ الرَّحْمَنِ بْنُ إِبْرَاهِيمَ، حَدَّثَنَا الْوَلِيدُ بْنُ مُسْلِمٍ، حَدَّثَنَا الأَوْزَاعِيُّ، عَنْ يَحْيَى بْنِ أَبِي كَثِيرٍ، عَنْ أَبِي سَلَمَةَ، عَنْ أَبِي هُرَيْرَةَ، قَالَ ذَبَحَ رَسُولُ اللَّهِ ـ صلى الله عليه وسلم ـ عَمَّنِ اعْتَمَرَ مِنْ نِسَائِهِ فِي حَجَّةِ الْوَدَاعِ بَقَرَةً بَيْنَهُنَّ ‏.‏,حَدَّثَنَا عَبْدُ الرَّحْمَنِ بْنُ إِبْرَاهِيمَ، حَدَّثَنَا الْوَلِيدُ بْنُ مُسْلِمٍ، حَدَّثَنَا الأَوْزَاعِيُّ، عَنْ يَحْيَى بْنِ أَبِي كَثِيرٍ، عَنْ أَبِي سَلَمَةَ، عَنْ أَبِي هُرَيْرَةَ،,قَالَ ذَبَحَ رَسُولُ اللَّهِ صلى الله عليه وسلم عَمَّنِ اعْتَمَرَ مِنْ نِسَائِهِ فِي حَجَّةِ الْوَدَاعِ بَقَرَةً بَيْنَهُنَّ, ,Daif - Weak, 
IbnMaja,26,Chapters on Sacrifices,كتاب الأضاحي,,,,3179,"It was narrated that Ibn ‘Abbas said: “Camels became scarce at the time of the Messenger of Allah (ﷺ), so he commanded them to sacrifice cows.”",It was narrated that Ibn ‘Abbas said:,"“Camels became scarce at the time of the Messenger of Allah (ﷺ), so he commanded them to sacrifice cows.”",حَدَّثَنَا هَنَّادُ بْنُ السَّرِيِّ، حَدَّثَنَا أَبُو بَكْرِ بْنُ عَيَّاشٍ، عَنْ عَمْرِو بْنِ مَيْمُونٍ، عَنْ أَبِي حَاضِرٍ الأَزْدِيِّ، عَنِ ابْنِ عَبَّاسٍ، قَالَ قَلَّتِ الإِبِلُ عَلَى عَهْدِ رَسُولِ اللَّهِ ـ صلى الله عليه وسلم ـ فَأَمَرَهُمْ أَنْ يَنْحَرُوا الْبَقَرَ ‏.‏,حَدَّثَنَا هَنَّادُ بْنُ السَّرِيِّ، حَدَّثَنَا أَبُو بَكْرِ بْنُ عَيَّاشٍ، عَنْ عَمْرِو بْنِ مَيْمُونٍ، عَنْ أَبِي حَاضِرٍ الأَزْدِيِّ، عَنِ ابْنِ عَبَّاسٍ،,قَالَ قَلَّتِ الإِبِلُ عَلَى عَهْدِ رَسُولِ اللَّهِ صلى الله عليه وسلم فَأَمَرَهُمْ أَنْ يَنْحَرُوا الْبَقَرَ, ,Daif - Weak, 
IbnMaja,26,Chapters on Sacrifices,كتاب الأضاحي,,,,3180,It was narrated from ‘Aishah that the Messenger of Allah (ﷺ) sacrificed one cow during the Farewell Pilgrimage on behalf of the family of Muhammad (ﷺ).,,"It was
narrated from ‘Aishah that the Messenger of Allah (ﷺ)
sacrificed
one cow during the Farewell Pilgrimage on behalf of the
family of
Muhammad (ﷺ).",حَدَّثَنَا أَحْمَدُ بْنُ عَمْرِو بْنِ السَّرْحِ الْمِصْرِيُّ أَبُو طَاهِرٍ، أَنْبَأَنَا ابْنُ وَهْبٍ، أَنْبَأَنَا يُونُسُ، عَنِ ابْنِ شِهَابٍ، عَنْ عَمْرَةَ، عَنْ عَائِشَةَ، أَنَّ رَسُولَ اللَّهِ ـ صلى الله عليه وسلم ـ نَحَرَ عَنْ آلِ مُحَمَّدٍ ـ صلى الله عليه وسلم ـ فِي حَجَّةِ الْوَدَاعِ بَقَرَةً وَاحِدَةً ‏.‏, حَدَّثَنَا أَحْمَدُ بْنُ عَمْرِو بْنِ السَّرْحِ الْمِصْرِيُّ أَبُو طَاهِرٍ، أَنْبَأَنَا ابْنُ وَهْبٍ، أَنْبَأَنَا يُونُسُ، عَنِ ابْنِ شِهَابٍ،, عَنْ عَمْرَةَ، عَنْ عَائِشَةَ، أَنَّ رَسُولَ اللَّهِ صلى الله عليه وسلم نَحَرَ عَنْ آلِ مُحَمَّدٍ صلى الله عليه وسلم فِي حَجَّةِ الْوَدَاعِ بَقَرَةً وَاحِدَةً, ,Sahih - Authentic,صحيح
IbnMaja,26,Chapters on Sacrifices,كتاب الأضاحي,,,,3181,"It was narrated from Ibn ‘Abbas that a man came to the Prophet (ﷺ) and said: “I have to offer a sacrifice and I can afford it, but I cannot find (a camel) to buy.” The Prophet (ﷺ) told him to buy seven sheep and slaughter them.",It was narrated from Ibn ‘Abbas that a man came to the Prophet (ﷺ) and said:,"“I have to offer a sacrifice and I can afford it, but I cannot find (a camel) to buy.” The Prophet (ﷺ) told him to buy seven sheep and slaughter them.",حَدَّثَنَا مُحَمَّدُ بْنُ مَعْمَرٍ، حَدَّثَنَا مُحَمَّدُ بْنُ بَكْرٍ الْبُرْسَانِيُّ، حَدَّثَنَا ابْنُ جُرَيْجٍ، قَالَ قَالَ عَطَاءٌ الْخُرَاسَانِيُّ عَنِ ابْنِ عَبَّاسٍ، أَنَّ النَّبِيَّ ـ صلى الله عليه وسلم ـ أَتَاهُ رَجُلٌ فَقَالَ إِنَّ عَلَىَّ بَدَنَةً وَأَنَا مُوسِرٌ بِهَا وَلاَ أَجِدُهَا فَأَشْتَرِيَهَا ‏.‏ فَأَمَرَهُ النَّبِيُّ ـ صلى الله عليه وسلم ـ أَنْ يَبْتَاعَ سَبْعَ شِيَاهٍ فَيَذْبَحَهُنَّ ‏.‏,حَدَّثَنَا مُحَمَّدُ بْنُ مَعْمَرٍ، حَدَّثَنَا مُحَمَّدُ بْنُ بَكْرٍ الْبُرْسَانِيُّ، حَدَّثَنَا ابْنُ جُرَيْجٍ، قَالَ قَالَ عَطَاءٌ الْخُرَاسَانِيُّ عَنِ ابْنِ عَبَّاسٍ،,أَنَّ النَّبِيَّ صلى الله عليه وسلم أَتَاهُ رَجُلٌ فَقَالَ إِنَّ عَلَىَّ بَدَنَةً وَأَنَا مُوسِرٌ بِهَا وَلاَ أَجِدُهَا فَأَشْتَرِيَهَا فَأَمَرَهُ النَّبِيُّ صلى الله عليه وسلم أَنْ يَبْتَاعَ سَبْعَ شِيَاهٍ فَيَذْبَحَهُنَّ, ,Daif - Weak, 
IbnMaja,26,Chapters on Sacrifices,كتاب الأضاحي,,,,3182,"It was narrated that Rafi’ bin Khadij said: “We were with the Messenger of Allah (ﷺ) in Dhul-Hulaifah in (the land of) Tihamah. We acquired sheep and camels and the people hastened to put cooking pots on the fires before they had been distributed. The Messenger of Allah (ﷺ) came to us and ordered that they be overturned,* then he made one camel equivalent to ten sheep.”",It was narrated that Rafi’ bin Khadij said:,"“We were with the Messenger of Allah (ﷺ) in Dhul-Hulaifah in (the land of) Tihamah. We acquired sheep and camels and the people hastened to put cooking pots on the fires before they had been distributed. The Messenger of Allah (ﷺ) came to us and ordered that they be overturned,* then he made one camel equivalent to ten sheep.”",حَدَّثَنَا أَبُو كُرَيْبٍ، حَدَّثَنَا الْمُحَارِبِيُّ، وَعَبْدُ الرَّحِيمِ، عَنْ سُفْيَانَ الثَّوْرِيِّ، عَنْ سَعِيدِ بْنِ مَسْرُوقٍ، وَحَدَّثَنَا الْحُسَيْنُ بْنُ عَلِيٍّ، عَنْ زَائِدَةَ، عَنْ سَعِيدِ بْنِ مَسْرُوقٍ، عَنْ عَبَايَةَ بْنِ رِفَاعَةَ، عَنْ رَافِعِ بْنِ خَدِيجٍ، قَالَ كُنَّا مَعَ رَسُولِ اللَّهِ ـ صلى الله عليه وسلم ـ وَنَحْنُ بِذِي الْحُلَيْفَةِ مِنْ تِهَامَةَ فَأَصَبْنَا إِبِلاً وَغَنَمًا فَعَجِلَ الْقَوْمُ فَأَغْلَيْنَا الْقُدُورَ قَبْلَ أَنْ تُقْسَمَ فَأَتَانَا رَسُولُ اللَّهِ ـ صلى الله عليه وسلم ـ فَأَمَرَ بِهَا فَأُكْفِئَتْ ثُمَّ عَدَلَ الْجَزُورَ بِعَشَرَةٍ مِنَ الْغَنَمِ ‏.‏,حَدَّثَنَا أَبُو كُرَيْبٍ، حَدَّثَنَا الْمُحَارِبِيُّ، وَعَبْدُ الرَّحِيمِ، عَنْ سُفْيَانَ الثَّوْرِيِّ، عَنْ سَعِيدِ بْنِ مَسْرُوقٍ، وَحَدَّثَنَا الْحُسَيْنُ بْنُ عَلِيٍّ، عَنْ زَائِدَةَ، عَنْ سَعِيدِ بْنِ مَسْرُوقٍ، عَنْ عَبَايَةَ بْنِ رِفَاعَةَ، عَنْ رَافِعِ بْنِ خَدِيجٍ،,قَالَ كُنَّا مَعَ رَسُولِ اللَّهِ صلى الله عليه وسلم وَنَحْنُ بِذِي الْحُلَيْفَةِ مِنْ تِهَامَةَ فَأَصَبْنَا إِبِلاً وَغَنَمًا فَعَجِلَ الْقَوْمُ فَأَغْلَيْنَا الْقُدُورَ قَبْلَ أَنْ تُقْسَمَ فَأَتَانَا رَسُولُ اللَّهِ صلى الله عليه وسلم فَأَمَرَ بِهَا فَأُكْفِئَتْ ثُمَّ عَدَلَ الْجَزُورَ بِعَشَرَةٍ مِنَ الْغَنَمِ, ,Sahih - Authentic,صحيح
IbnMaja,26,Chapters on Sacrifices,كتاب الأضاحي,,,,3183,"It was narrated from ‘Uqbah bin ‘Amir Al-Juhani that the Messenger of Allah (ﷺ) gave him some sheep, and he distributed them among his Companions to be sacrificed. There remained an ‘Atud.* He mentioned that to the Messenger of Allah (ﷺ) and he said: “You sacrifice it yourself.”","It was narrated from ‘Uqbah bin ‘Amir Al-Juhani that the Messenger of Allah (ﷺ) gave him some sheep, and he distributed them among his Companions to be sacrificed. There remained an ‘Atud.* He mentioned that to the Messenger of Allah (ﷺ) and he said:",“You sacrifice it yourself.”,حَدَّثَنَا مُحَمَّدُ بْنُ رُمْحٍ، أَنْبَأَنَا اللَّيْثُ بْنُ سَعْدٍ، عَنْ يَزِيدَ بْنِ أَبِي حَبِيبٍ، عَنْ أَبِي الْخَيْرِ، عَنْ عُقْبَةَ بْنِ عَامِرٍ الْجُهَنِيِّ، أَنَّ رَسُولَ اللَّهِ ـ صلى الله عليه وسلم ـ أَعْطَاهُ غَنَمًا فَقَسَمَهَا عَلَى أَصْحَابِهِ ضَحَايَا فَبَقِيَ عَتُودٌ فَذَكَرَهُ لِرَسُولِ اللَّهِ ـ صلى الله عليه وسلم ـ فَقَالَ ‏ ‏ ضَحِّ بِهِ أَنْتَ ‏‏ ‏.‏,حَدَّثَنَا مُحَمَّدُ بْنُ رُمْحٍ، أَنْبَأَنَا اللَّيْثُ بْنُ سَعْدٍ، عَنْ يَزِيدَ بْنِ أَبِي حَبِيبٍ، عَنْ أَبِي الْخَيْرِ، عَنْ عُقْبَةَ بْنِ عَامِرٍ الْجُهَنِيِّ،,أَنَّ رَسُولَ اللَّهِ صلى الله عليه وسلم أَعْطَاهُ غَنَمًا فَقَسَمَهَا عَلَى أَصْحَابِهِ ضَحَايَا فَبَقِيَ عَتُودٌ فَذَكَرَهُ لِرَسُولِ اللَّهِ صلى الله عليه وسلم فَقَالَ ضَحِّ بِهِ أَنْتَ, ,Sahih - Authentic,صحيح
IbnMaja,26,Chapters on Sacrifices,كتاب الأضاحي,,,,3184,Umm Bilal bint Hilal narrated from her father that the Messenger of Allah (ﷺ) said: “It is permissible to offer a Jadha’a* among sheep as a sacrifice.”,Umm Bilal bint Hilal narrated from her father that the Messenger of Allah (ﷺ) said:,“It is permissible to offer a Jadha’a* among sheep as a sacrifice.”,حَدَّثَنَا عَبْدُ الرَّحْمَنِ بْنُ إِبْرَاهِيمَ الدِّمَشْقِيُّ، حَدَّثَنَا أَنَسُ بْنُ عِيَاضٍ، حَدَّثَنِي مُحَمَّدُ بْنُ أَبِي يَحْيَى، - مَوْلَى الأَسْلَمِيِّينَ - عَنْ أُمِّهِ، قَالَتْ حَدَّثَتْنِي أُمُّ بِلاَلٍ بِنْتُ هِلاَلٍ، عَنْ أَبِيهَا، أَنَّ رَسُولَ اللَّهِ ـ صلى الله عليه وسلم ـ قَالَ ‏ ‏ يَجُوزُ الْجَذَعُ مِنَ الضَّأْنِ أُضْحِيَّةً ‏‏ ‏.‏,حَدَّثَنَا عَبْدُ الرَّحْمَنِ بْنُ إِبْرَاهِيمَ الدِّمَشْقِيُّ، حَدَّثَنَا أَنَسُ بْنُ عِيَاضٍ، حَدَّثَنِي مُحَمَّدُ بْنُ أَبِي يَحْيَى، مَوْلَى الأَسْلَمِيِّينَ عَنْ أُمِّهِ، قَالَتْ حَدَّثَتْنِي أُمُّ بِلاَلٍ بِنْتُ هِلاَلٍ، عَنْ,أَبِيهَا، أَنَّ رَسُولَ اللَّهِ صلى الله عليه وسلم قَالَ يَجُوزُ الْجَذَعُ مِنَ الضَّأْنِ أُضْحِيَّةً, ,Daif - Weak, 
IbnMaja,26,Chapters on Sacrifices,كتاب الأضاحي,,,,3185,"It was narrated from ‘Asim bin Kulaib that his father said: “We were with a man from among the Companions of the Messenger of Allah (ﷺ) who was called Mujashi’, from Banu Sulaim, and sheep became scarce. He ordered a caller to call out that the Messenger of Allah (ﷺ) used to say: ‘A Jadha’a suffices for whatever a two-year-old sheep suffices.’”",It was narrated from ‘Asim bin Kulaib that his father said:,"“We were with a man from among the Companions of the Messenger of Allah (ﷺ) who was called Mujashi’, from Banu Sulaim, and sheep became scarce. He ordered a caller to call out that the Messenger of Allah (ﷺ) used to say: ‘A Jadha’a suffices for whatever a two-year-old sheep suffices.’”",حَدَّثَنَا مُحَمَّدُ بْنُ يَحْيَى، حَدَّثَنَا عَبْدُ الرَّزَّاقِ، أَنْبَأَنَا الثَّوْرِيُّ، عَنْ عَاصِمِ بْنِ كُلَيْبٍ، عَنْ أَبِيهِ، قَالَ كُنَّا مَعَ رَجُلٍ مِنْ أَصْحَابِ رَسُولِ اللَّهِ ـ صلى الله عليه وسلم ـ يُقَالُ لَهُ مُجَاشِعٌ مِنْ بَنِي سُلَيْمٍ فَعَزَّتِ الْغَنَمُ فَأَمَرَ مُنَادِيًا فَنَادَى أَنَّ رَسُولَ اللَّهِ ـ صلى الله عليه وسلم ـ كَانَ يَقُولُ ‏ ‏ إِنَّ الْجَذَعَ يُوفِي مِمَّا تُوفِي مِنْهُ الثَّنِيَّةُ ‏‏ ‏.‏,حَدَّثَنَا مُحَمَّدُ بْنُ يَحْيَى، حَدَّثَنَا عَبْدُ الرَّزَّاقِ، أَنْبَأَنَا الثَّوْرِيُّ، عَنْ عَاصِمِ بْنِ كُلَيْبٍ، عَنْ أَبِيهِ،,قَالَ كُنَّا مَعَ رَجُلٍ مِنْ أَصْحَابِ رَسُولِ اللَّهِ صلى الله عليه وسلم يُقَالُ لَهُ مُجَاشِعٌ مِنْ بَنِي سُلَيْمٍ فَعَزَّتِ الْغَنَمُ فَأَمَرَ مُنَادِيًا فَنَادَى أَنَّ رَسُولَ اللَّهِ صلى الله عليه وسلم كَانَ يَقُولُ إِنَّ الْجَذَعَ يُوفِي مِمَّا تُوفِي مِنْهُ الثَّنِيَّةُ, ,Sahih - Authentic,صحيح
IbnMaja,26,Chapters on Sacrifices,كتاب الأضاحي,,,,3186,"It was narrated from Jabir that the Messenger of Allah (ﷺ) said: ‘Do not slaughter anything but a Musinnah,* unless there is none available, in which case you can slaughter a Jadha’a among sheep.”",It was narrated from Jabir that the Messenger of Allah (ﷺ) said:,"‘Do not slaughter anything but a Musinnah,* unless there is none available, in which case you can slaughter a Jadha’a among sheep.”",حَدَّثَنَا هَارُونُ بْنُ حَيَّانَ، حَدَّثَنَا عَبْدُ الرَّحْمَنِ بْنُ عَبْدِ اللَّهِ، أَنْبَأَنَا زُهَيْرٌ، عَنْ أَبِي الزُّبَيْرِ، عَنْ جَابِرٍ، قَالَ قَالَ رَسُولُ اللَّهِ ـ صلى الله عليه وسلم ـ ‏ ‏ لاَ تَذْبَحُوا إِلاَّ مُسِنَّةً إِلاَّ أَنْ يَعْسُرَ عَلَيْكُمْ فَتَذْبَحُوا جَذَعَةً مِنَ الضَّأْنِ ‏‏ ‏.‏,حَدَّثَنَا هَارُونُ بْنُ حَيَّانَ، حَدَّثَنَا عَبْدُ الرَّحْمَنِ بْنُ عَبْدِ اللَّهِ، أَنْبَأَنَا زُهَيْرٌ، عَنْ أَبِي الزُّبَيْرِ، عَنْ جَابِرٍ، قَالَ,قَالَ رَسُولُ اللَّهِ صلى الله عليه وسلم لاَ تَذْبَحُوا إِلاَّ مُسِنَّةً إِلاَّ أَنْ يَعْسُرَ عَلَيْكُمْ فَتَذْبَحُوا جَذَعَةً مِنَ الضَّأْنِ, ,Sahih - Authentic,صحيح
IbnMaja,26,Chapters on Sacrifices,كتاب الأضاحي,,,,3187,"It was narrated that ‘Ali said: “The Messenger of Allah (ﷺ) forbade sacrificing the Muqabalah, the Mudabarah, the Sharqa’, the Kharqa’ and the Jad’a’.”*",It was narrated that ‘Ali said:,"“The Messenger of Allah (ﷺ) forbade sacrificing the Muqabalah, the Mudabarah, the Sharqa’, the Kharqa’ and the Jad’a’.”*",حَدَّثَنَا مُحَمَّدُ بْنُ الصَّبَّاحِ، حَدَّثَنَا أَبُو بَكْرِ بْنُ عَيَّاشٍ، عَنْ أَبِي إِسْحَاقَ، عَنْ شُرَيْحِ بْنِ النُّعْمَانِ، عَنْ عَلِيٍّ، قَالَ نَهَى رَسُولُ اللَّهِ ـ صلى الله عليه وسلم ـ أَنْ يُضَحَّى بِمُقَابَلَةٍ أَوْ مُدَابَرَةٍ أَوْ شَرْقَاءَ أَوْ خَرْقَاءَ أَوْ جَدْعَاءَ ‏.‏,حَدَّثَنَا مُحَمَّدُ بْنُ الصَّبَّاحِ، حَدَّثَنَا أَبُو بَكْرِ بْنُ عَيَّاشٍ، عَنْ أَبِي إِسْحَاقَ، عَنْ شُرَيْحِ بْنِ النُّعْمَانِ، عَنْ عَلِيٍّ،,قَالَ نَهَى رَسُولُ اللَّهِ صلى الله عليه وسلم أَنْ يُضَحَّى بِمُقَابَلَةٍ أَوْ مُدَابَرَةٍ أَوْ شَرْقَاءَ أَوْ خَرْقَاءَ أَوْ جَدْعَاءَ, ,Hasan - Good,حسن
IbnMaja,26,Chapters on Sacrifices,كتاب الأضاحي,,,,3188,It was narrated that ‘Ali said: “The Messenger of Allah (ﷺ) commanded us to examine the eyes and ears.”*,It was narrated that ‘Ali said:,“The Messenger of Allah (ﷺ) commanded us to examine the eyes and ears.”*,حَدَّثَنَا أَبُو بَكْرِ بْنُ أَبِي شَيْبَةَ، حَدَّثَنَا وَكِيعٌ، حَدَّثَنَا سُفْيَانُ، عَنْ سَلَمَةَ بْنِ كُهَيْلٍ، عَنْ حُجَيَّةَ بْنِ عَدِيٍّ، عَنْ عَلِيٍّ، قَالَ أَمَرَنَا رَسُولُ اللَّهِ ـ صلى الله عليه وسلم ـ أَنْ نَسْتَشْرِفَ الْعَيْنَ وَالأُذُنَ ‏.‏,حَدَّثَنَا أَبُو بَكْرِ بْنُ أَبِي شَيْبَةَ، حَدَّثَنَا وَكِيعٌ، حَدَّثَنَا سُفْيَانُ، عَنْ سَلَمَةَ بْنِ كُهَيْلٍ، عَنْ حُجَيَّةَ بْنِ عَدِيٍّ، عَنْ عَلِيٍّ، قَالَ,أَمَرَنَا رَسُولُ اللَّهِ صلى الله عليه وسلم أَنْ نَسْتَشْرِفَ الْعَيْنَ وَالأُذُنَ, ,Hasan - Good,حسن
IbnMaja,26,Chapters on Sacrifices,كتاب الأضاحي,,,,3189,"Sulaiman bin ‘Abdur-Rahman said: “I heard ‘Ubaid bin Fairuz say: ‘I said to Bara’ bin ‘Azib: “Tell us of the sacrificial animals that the Messenger of Allah (ﷺ) disliked or forbade.” He said: “Allah’s Messenger (ﷺ) said like this with his hand. And my hand is shorter than his hand:* ‘There are four that will not be accepted as sacrifices: The one-eyed animal that is obviously blind in one eye; the sick animal that is obviously sick; the lame animal with an obvious limp; and the animal that is so emaciated that it is as if there is no marrow in its bones.’” He said:** “And I dislike that the animal should have some fault in its ears.” He said: “What you dislike, forget about it and do not make it forbidden to anyone.”",Sulaiman bin ‘Abdur-Rahman said:,"“I heard ‘Ubaid bin Fairuz say: ‘I said to Bara’ bin ‘Azib: “Tell us of the sacrificial animals that the Messenger of Allah (ﷺ) disliked or forbade.” He said: “Allah’s Messenger (ﷺ) said like this with his hand. And my hand is shorter than his hand:* ‘There are four that will not be accepted as sacrifices: The one-eyed animal that is obviously blind in one eye; the sick animal that is obviously sick; the lame animal with an obvious limp; and the animal that is so emaciated that it is as if there is no marrow in its bones.’” He said:** “And I dislike that the animal should have some fault in its ears.” He said: “What you dislike, forget about it and do not make it forbidden to anyone.”",حَدَّثَنَا مُحَمَّدُ بْنُ بَشَّارٍ، حَدَّثَنَا يَحْيَى بْنُ سَعِيدٍ، وَمُحَمَّدُ بْنُ جَعْفَرٍ، وَعَبْدُ الرَّحْمَنِ، وَأَبُو دَاوُدَ وَابْنُ أَبِي عَدِيٍّ وَأَبُو الْوَلِيدِ قَالُوا حَدَّثَنَا شُعْبَةُ، سَمِعْتُ سُلَيْمَانَ بْنَ عَبْدِ الرَّحْمَنِ، قَالَ سَمِعْتُ عُبَيْدَ بْنَ فَيْرُوزَ، قَالَ قُلْتُ لِلْبَرَاءِ بْنِ عَازِبٍ حَدِّثْنِي بِمَا، كَرِهَ أَوْ نَهَى عَنْهُ رَسُولُ اللَّهِ ـ صلى الله عليه وسلم ـ مِنَ الأَضَاحِيِّ ‏.‏ فَقَالَ قَالَ رَسُولُ اللَّهِ ـ صلى الله عليه وسلم ـ هَكَذَا بِيَدِهِ وَيَدِي أَقْصَرُ مِنْ يَدِهِ ‏ ‏ أَرْبَعٌ لاَ تُجْزِئُ فِي الأَضَاحِيِّ الْعَوْرَاءُ الْبَيِّنُ عَوَرُهَا وَالْمَرِيضَةُ الْبَيِّنُ مَرَضُهَا وَالْعَرْجَاءُ الْبَيِّنُ ظَلْعُهَا وَالْكَسِيرَةُ الَّتِي لاَ تُنْقِي ‏‏ ‏.‏ قَالَ فَإِنِّي أَكْرَهُ أَنْ يَكُونَ نَقْصٌ فِي الأُذُنِ ‏.‏ قَالَ فَمَا كَرِهْتَ مِنْهُ فَدَعْهُ وَلاَ تُحَرِّمْهُ عَلَى أَحَدٍ ‏.‏,حَدَّثَنَا مُحَمَّدُ بْنُ بَشَّارٍ، حَدَّثَنَا يَحْيَى بْنُ سَعِيدٍ، وَمُحَمَّدُ بْنُ جَعْفَرٍ، وَعَبْدُ الرَّحْمَنِ، وَأَبُو دَاوُدَ وَابْنُ أَبِي عَدِيٍّ وَأَبُو الْوَلِيدِ قَالُوا حَدَّثَنَا شُعْبَةُ، سَمِعْتُ سُلَيْمَانَ بْنَ عَبْدِ الرَّحْمَنِ، قَالَ سَمِعْتُ عُبَيْدَ بْنَ فَيْرُوزَ، قَالَ قُلْتُ لِلْبَرَاءِ بْنِ عَازِبٍ,حَدِّثْنِي بِمَا، كَرِهَ أَوْ نَهَى عَنْهُ رَسُولُ اللَّهِ صلى الله عليه وسلم مِنَ الأَضَاحِيِّ فَقَالَ قَالَ رَسُولُ اللَّهِ صلى الله عليه وسلم هَكَذَا بِيَدِهِ وَيَدِي أَقْصَرُ مِنْ يَدِهِ أَرْبَعٌ لاَ تُجْزِئُ فِي الأَضَاحِيِّ الْعَوْرَاءُ الْبَيِّنُ عَوَرُهَا وَالْمَرِيضَةُ الْبَيِّنُ مَرَضُهَا وَالْعَرْجَاءُ الْبَيِّنُ ظَلْعُهَا وَالْكَسِيرَةُ الَّتِي لاَ تُنْقِي قَالَ فَإِنِّي أَكْرَهُ أَنْ يَكُونَ نَقْصٌ فِي الأُذُنِ قَالَ فَمَا كَرِهْتَ مِنْهُ فَدَعْهُ وَلاَ تُحَرِّمْهُ عَلَى أَحَدٍ, ,Sahih - Authentic,صحيح
IbnMaja,26,Chapters on Sacrifices,كتاب الأضاحي,,,,3190,It was narrated from Qatadah that he said that he heard Juray bin Kulaib narrate that he heard ‘Ali narrate that the Messenger of Allah (ﷺ) forbade sacrificing animals with broken horns and ears.,,"It was
narrated from Qatadah that he said that he heard Juray bin
Kulaib
narrate that he heard ‘Ali narrate that the Messenger of Allah
(ﷺ) forbade sacrificing animals with broken horns and ears.",حَدَّثَنَا حُمَيْدُ بْنُ مَسْعَدَةَ، حَدَّثَنَا خَالِدُ بْنُ الْحَارِثِ، حَدَّثَنَا سَعِيدٌ، عَنْ قَتَادَةَ، أَنَّهُ ذَكَرَ أَنَّهُ سَمِعَ جُرَىَّ بْنَ كُلَيْبٍ، يُحَدِّثُ أَنَّهُ سَمِعَ عَلِيًّا، يُحَدِّثُ أَنَّ رَسُولَ اللَّهِ ـ صلى الله عليه وسلم ـ نَهَى أَنْ يُضَحَّى بِأَعْضَبِ الْقَرْنِ وَالأُذُنِ ‏.‏, حَدَّثَنَا حُمَيْدُ بْنُ مَسْعَدَةَ، حَدَّثَنَا خَالِدُ بْنُ الْحَارِثِ، حَدَّثَنَا سَعِيدٌ، عَنْ قَتَادَةَ، أَنَّهُ ذَكَرَ أَنَّهُ سَمِعَ جُرَىَّ بْنَ, كُلَيْبٍ، يُحَدِّثُ أَنَّهُ سَمِعَ عَلِيًّا، يُحَدِّثُ أَنَّ رَسُولَ اللَّهِ صلى الله عليه وسلم نَهَى أَنْ يُضَحَّى بِأَعْضَبِ الْقَرْنِ وَالأُذُنِ, ,Hasan - Good,حسن
IbnMaja,26,Chapters on Sacrifices,كتاب الأضاحي,,,,3191,"It was narrated that Abu Sa’eed Al-Khudri said: “We bought a ram for sacrifice, then a wolf tore some flesh from its rump and ears. We asked the Prophet (ﷺ) and he told us to offer it as a sacrifice.”",It was narrated that Abu Sa’eed Al-Khudri said:,"“We bought a ram for sacrifice, then a wolf tore some flesh from its rump and ears. We asked the Prophet (ﷺ) and he told us to offer it as a sacrifice.”",حَدَّثَنَا مُحَمَّدُ بْنُ يَحْيَى، وَمُحَمَّدُ بْنُ عَبْدِ الْمَلِكِ أَبُو بَكْرٍ، قَالاَ حَدَّثَنَا عَبْدُ الرَّزَّاقِ، عَنِ الثَّوْرِيِّ، عَنْ جَابِرِ بْنِ يَزِيدَ، عَنْ مُحَمَّدِ بْنِ قَرَظَةَ الأَنْصَارِيِّ، عَنْ أَبِي سَعِيدٍ الْخُدْرِيِّ، قَالَ ابْتَعْنَا كَبْشًا نُضَحِّي بِهِ فَأَصَابَ الذِّئْبُ مِنْ أَلْيَتِهِ أَوْ أُذُنِهِ فَسَأَلْنَا النَّبِيَّ ـ صلى الله عليه وسلم ـ فَأَمَرَنَا أَنْ نُضَحِّيَ بِهِ ‏.‏,حَدَّثَنَا مُحَمَّدُ بْنُ يَحْيَى، وَمُحَمَّدُ بْنُ عَبْدِ الْمَلِكِ أَبُو بَكْرٍ، قَالاَ حَدَّثَنَا عَبْدُ الرَّزَّاقِ، عَنِ الثَّوْرِيِّ، عَنْ جَابِرِ بْنِ يَزِيدَ، عَنْ مُحَمَّدِ بْنِ قَرَظَةَ الأَنْصَارِيِّ، عَنْ أَبِي سَعِيدٍ الْخُدْرِيِّ، قَالَ,ابْتَعْنَا كَبْشًا نُضَحِّي بِهِ فَأَصَابَ الذِّئْبُ مِنْ أَلْيَتِهِ أَوْ أُذُنِهِ فَسَأَلْنَا النَّبِيَّ صلى الله عليه وسلم فَأَمَرَنَا أَنْ نُضَحِّيَ بِهِ, ,Daif - Weak, 
IbnMaja,26,Chapters on Sacrifices,كتاب الأضاحي,,,,3192,"It was narrated that ‘Ata’ bin Yasar said: “I asked Abu Ayyub Al- Ansari: ‘How were sacrifices offered among you at the time of the Messenger of Allah (ﷺ)?’ He said: ‘At the time of the Prophet (ﷺ), a man would sacrifice a sheep on behalf of himself and the members of his household, and they would eat some of it and give some to others. Then people started to compete and it because as you see (nowadays).’”",It was narrated that ‘Ata’ bin Yasar said:,"“I asked Abu Ayyub Al- Ansari: ‘How were sacrifices offered among you at the time of the Messenger of Allah (ﷺ)?’ He said: ‘At the time of the Prophet (ﷺ), a man would sacrifice a sheep on behalf of himself and the members of his household, and they would eat some of it and give some to others. Then people started to compete and it because as you see (nowadays).’”",حَدَّثَنَا عَبْدُ الرَّحْمَنِ بْنُ إِبْرَاهِيمَ، حَدَّثَنَا ابْنُ أَبِي فُدَيْكٍ، حَدَّثَنِي الضَّحَّاكُ بْنُ عُثْمَانَ، عَنْ عُمَارَةَ بْنِ عَبْدِ اللَّهِ بْنِ صَيَّادٍ، عَنْ عَطَاءِ بْنِ يَسَارٍ، قَالَ سَأَلْتُ أَبَا أَيُّوبَ الأَنْصَارِيَّ كَيْفَ كَانَتِ الضَّحَايَا فِيكُمْ عَلَى عَهْدِ رَسُولِ اللَّهِ ـ صلى الله عليه وسلم ـ قَالَ كَانَ الرَّجُلُ فِي عَهْدِ النَّبِيِّ ـ صلى الله عليه وسلم ـ يُضَحِّي بِالشَّاةِ عَنْهُ وَعَنْ أَهْلِ بَيْتِهِ فَيَأْكُلُونَ وَيُطْعِمُونَ ثُمَّ تَبَاهَى النَّاسُ فَصَارَ كَمَا تَرَى ‏.‏,حَدَّثَنَا عَبْدُ الرَّحْمَنِ بْنُ إِبْرَاهِيمَ، حَدَّثَنَا ابْنُ أَبِي فُدَيْكٍ، حَدَّثَنِي الضَّحَّاكُ بْنُ عُثْمَانَ، عَنْ عُمَارَةَ بْنِ عَبْدِ اللَّهِ بْنِ صَيَّادٍ، عَنْ عَطَاءِ بْنِ يَسَارٍ، قَالَ,سَأَلْتُ أَبَا أَيُّوبَ الأَنْصَارِيَّ كَيْفَ كَانَتِ الضَّحَايَا فِيكُمْ عَلَى عَهْدِ رَسُولِ اللَّهِ صلى الله عليه وسلم قَالَ كَانَ الرَّجُلُ فِي عَهْدِ النَّبِيِّ صلى الله عليه وسلم يُضَحِّي بِالشَّاةِ عَنْهُ وَعَنْ أَهْلِ بَيْتِهِ فَيَأْكُلُونَ وَيُطْعِمُونَ ثُمَّ تَبَاهَى النَّاسُ فَصَارَ كَمَا تَرَى, ,Daif - Weak, 
IbnMaja,26,Chapters on Sacrifices,كتاب الأضاحي,,,,3193,"It was narrated that Abu Sarihah said: “My family started to put pressure on me after I came to know the Sunnah. People used to sacrifice one or two sheep, but now our neighbors call us stingy.”",It was narrated that Abu Sarihah said:,"“My family started to put pressure on me after I came to know the Sunnah. People used to sacrifice one or two sheep, but now our neighbors call us stingy.”",حَدَّثَنَا إِسْحَاقُ بْنُ مَنْصُورٍ، أَنْبَأَنَا عَبْدُ الرَّحْمَنِ بْنُ مَهْدِيٍّ، وَمُحَمَّدُ بْنُ يُوسُفَ، ح وَحَدَّثَنَا مُحَمَّدُ بْنُ يَحْيَى، حَدَّثَنَا عَبْدُ الرَّزَّاقِ، جَمِيعًا عَنْ سُفْيَانَ الثَّوْرِيِّ، عَنْ بَيَانٍ، عَنِ الشَّعْبِيِّ، عَنْ أَبِي سَرِيحَةَ، قَالَ حَمَلَنِي أَهْلِي عَلَى الْجَفَاءِ بَعْدَمَا عَلِمْتُ مِنَ السُّنَّةِ كَانَ أَهْلُ الْبَيْتِ يُضَحُّونَ بِالشَّاةِ وَالشَّاتَيْنِ وَالآنَ يُبَخِّلُنَا جِيرَانُنَا ‏.‏,حَدَّثَنَا إِسْحَاقُ بْنُ مَنْصُورٍ، أَنْبَأَنَا عَبْدُ الرَّحْمَنِ بْنُ مَهْدِيٍّ، وَمُحَمَّدُ بْنُ يُوسُفَ، ح وَحَدَّثَنَا مُحَمَّدُ بْنُ يَحْيَى، حَدَّثَنَا عَبْدُ الرَّزَّاقِ، جَمِيعًا عَنْ سُفْيَانَ الثَّوْرِيِّ، عَنْ بَيَانٍ، عَنِ الشَّعْبِيِّ، عَنْ أَبِي سَرِيحَةَ، قَالَ,حَمَلَنِي أَهْلِي عَلَى الْجَفَاءِ بَعْدَمَا عَلِمْتُ مِنَ السُّنَّةِ كَانَ أَهْلُ الْبَيْتِ يُضَحُّونَ بِالشَّاةِ وَالشَّاتَيْنِ وَالآنَ يُبَخِّلُنَا جِيرَانُنَا, ,Sahih - Authentic,صحيح
IbnMaja,26,Chapters on Sacrifices,كتاب الأضاحي,,,,3194,"It was narrated from Umm Salamah that the Prophet (ﷺ) said: “When the ten days (of Dhul-Hijjah) begin, and one of you wants to offer a sacrifice, let him not remove anything from his hair or skin.”",It was narrated from Umm Salamah that the Prophet (ﷺ) said:,"“When the ten days (of Dhul-Hijjah) begin, and one of you wants to offer a sacrifice, let him not remove anything from his hair or skin.”",حَدَّثَنَا هَارُونُ بْنُ عَبْدِ اللَّهِ الْحَمَّالُ، حَدَّثَنَا سُفْيَانُ بْنُ عُيَيْنَةَ، عَنْ عَبْدِ الرَّحْمَنِ بْنِ حُمَيْدِ بْنِ عَبْدِ الرَّحْمَنِ بْنِ عَوْفٍ، عَنْ سَعِيدِ بْنِ الْمُسَيَّبِ، عَنْ أُمِّ سَلَمَةَ، أَنَّ النَّبِيَّ ـ صلى الله عليه وسلم ـ قَالَ ‏ ‏ إِذَا دَخَلَ الْعَشْرُ وَأَرَادَ أَحَدُكُمْ أَنْ يُضَحِّيَ فَلاَ يَمَسَّ مِنْ شَعَرِهِ وَلاَ بَشَرِهِ شَيْئًا ‏‏ ‏.‏,حَدَّثَنَا هَارُونُ بْنُ عَبْدِ اللَّهِ الْحَمَّالُ، حَدَّثَنَا سُفْيَانُ بْنُ عُيَيْنَةَ، عَنْ عَبْدِ الرَّحْمَنِ بْنِ حُمَيْدِ بْنِ عَبْدِ الرَّحْمَنِ بْنِ عَوْفٍ، عَنْ سَعِيدِ بْنِ الْمُسَيَّبِ، عَنْ,أُمِّ سَلَمَةَ، أَنَّ النَّبِيَّ صلى الله عليه وسلم قَالَ إِذَا دَخَلَ الْعَشْرُ وَأَرَادَ أَحَدُكُمْ أَنْ يُضَحِّيَ فَلاَ يَمَسَّ مِنْ شَعَرِهِ وَلاَ بَشَرِهِ شَيْئًا, ,Sahih - Authentic,صحيح
IbnMaja,26,Chapters on Sacrifices,كتاب الأضاحي,,,,3195,"It was narrated from Umm Salamah that the Messenger of Allah (ﷺ) said: “Whoever among you sees the new crescent of Dhul-Hijjah and wants to offer a sacrifice, let him not take anything from his hair or nails.”",It was narrated from Umm Salamah that the Messenger of Allah (ﷺ) said:,"“Whoever among you sees the new crescent of Dhul-Hijjah and wants to offer a sacrifice, let him not take anything from his hair or nails.”",حَدَّثَنَا حَاتِمُ بْنُ بَكْرٍ الضَّبِّيُّ أَبُو عَمْرٍو، حَدَّثَنَا مُحَمَّدُ بْنُ بَكْرٍ الْبُرْسَانِيُّ، ح وَحَدَّثَنَا مُحَمَّدُ بْنُ سَعِيدِ بْنِ يَزِيدَ بْنِ إِبْرَاهِيمَ، حَدَّثَنَا أَبُو قُتَيْبَةَ، وَيَحْيَى بْنُ كَثِيرٍ، قَالُوا حَدَّثَنَا شُعْبَةُ، عَنْ مَالِكِ بْنِ أَنَسٍ، عَنْ عَمْرِو بْنِ مُسْلِمٍ، عَنْ سَعِيدِ بْنِ الْمُسَيَّبِ، عَنْ أُمِّ سَلَمَةَ، قَالَتْ قَالَ رَسُولُ اللَّهِ ـ صلى الله عليه وسلم ـ ‏ ‏ مَنْ رَأَى مِنْكُمْ هِلاَلَ ذِي الْحِجَّةِ فَأَرَادَ أَنْ يُضَحِّيَ فَلاَ يَقْرَبَنَّ لَهُ شَعَرًا وَلاَ ظُفْرًا ‏‏ ‏.‏,حَدَّثَنَا حَاتِمُ بْنُ بَكْرٍ الضَّبِّيُّ أَبُو عَمْرٍو، حَدَّثَنَا مُحَمَّدُ بْنُ بَكْرٍ الْبُرْسَانِيُّ، ح وَحَدَّثَنَا مُحَمَّدُ بْنُ سَعِيدِ بْنِ يَزِيدَ بْنِ إِبْرَاهِيمَ، حَدَّثَنَا أَبُو قُتَيْبَةَ، وَيَحْيَى بْنُ كَثِيرٍ، قَالُوا حَدَّثَنَا شُعْبَةُ، عَنْ مَالِكِ بْنِ أَنَسٍ، عَنْ عَمْرِو بْنِ مُسْلِمٍ، عَنْ سَعِيدِ بْنِ الْمُسَيَّبِ، عَنْ,أُمِّ سَلَمَةَ، قَالَتْ قَالَ رَسُولُ اللَّهِ صلى الله عليه وسلم مَنْ رَأَى مِنْكُمْ هِلاَلَ ذِي الْحِجَّةِ فَأَرَادَ أَنْ يُضَحِّيَ فَلاَ يَقْرَبَنَّ لَهُ شَعَرًا وَلاَ ظُفْرًا, ,Sahih - Authentic,صحيح
IbnMaja,26,Chapters on Sacrifices,كتاب الأضاحي,,,,3196,"It was narrated from Anas bin Malik that a man slaughtered on the Day of Sacrifice, (meaning) before the ‘Eid prayer, and the Prophet (ﷺ) ordered him to do it again.",,"It was
narrated from Anas bin Malik that a man slaughtered on the Day
of
Sacrifice, (meaning) before the ‘Eid prayer, and the Prophet (ﷺ)
ordered him to do it again.",حَدَّثَنَا عُثْمَانُ بْنُ أَبِي شَيْبَةَ، حَدَّثَنَا إِسْمَاعِيلُ ابْنُ عُلَيَّةَ، عَنْ أَيُّوبَ، عَنْ مُحَمَّدِ بْنِ سِيرِينَ، عَنْ أَنَسِ بْنِ مَالِكٍ، أَنَّ رَجُلاً، ذَبَحَ يَوْمَ النَّحْرِ قَبْلَ الصَّلاَةِ فَأَمَرَهُ النَّبِيُّ ـ صلى الله عليه وسلم ـ أَنْ يُعِيدَ ‏.‏, حَدَّثَنَا عُثْمَانُ بْنُ أَبِي شَيْبَةَ، حَدَّثَنَا إِسْمَاعِيلُ ابْنُ عُلَيَّةَ، عَنْ أَيُّوبَ، عَنْ مُحَمَّدِ بْنِ سِيرِينَ، عَنْ أَنَسِ بْنِ مَالِكٍ،, أَنَّ رَجُلاً، ذَبَحَ يَوْمَ النَّحْرِ قَبْلَ الصَّلاَةِ فَأَمَرَهُ النَّبِيُّ صلى الله عليه وسلم أَنْ يُعِيدَ, ,Sahih - Authentic,صحيح
IbnMaja,26,Chapters on Sacrifices,كتاب الأضاحي,,,,3197,"It was narrated from Aswad bin Qais that he heard Jundub Al-Bajali say: “I was present on Adha day with the Messenger of Allah (ﷺ), and some people slaughtered before the prayer. The Prophet (ﷺ) said: ‘Whoever among you has slaughtered before the prayer, let him repeat his sacrifice, and whoever has not, let him offer his sacrifice in the Name of Allah.’”",It was narrated from Aswad bin Qais that he heard Jundub Al-Bajali say:,"“I was present on Adha day with the Messenger of Allah (ﷺ), and some people slaughtered before the prayer. The Prophet (ﷺ) said: ‘Whoever among you has slaughtered before the prayer, let him repeat his sacrifice, and whoever has not, let him offer his sacrifice in the Name of Allah.’”",حَدَّثَنَا هِشَامُ بْنُ عَمَّارٍ، حَدَّثَنَا سُفْيَانُ بْنُ عُيَيْنَةَ، عَنِ الأَسْوَدِ بْنِ قَيْسٍ، عَنْ جُنْدَبٍ الْبَجَلِيِّ، أَنَّهُ سَمِعَهُ يَقُولُ شَهِدْتُ الأَضْحَى مَعَ رَسُولِ اللَّهِ ـ صلى الله عليه وسلم ـ فَذَبَحَ أُنَاسٌ قَبْلَ الصَّلاَةِ فَقَالَ النَّبِيُّ ـ صلى الله عليه وسلم ـ ‏ ‏ مَنْ كَانَ ذَبَحَ مِنْكُمْ قَبْلَ الصَّلاَةِ فَلْيُعِدْ أُضْحِيَّتَهُ وَمَنْ لاَ فَلْيَذْبَحْ عَلَى اسْمِ اللَّهِ ‏‏ ‏.‏,حَدَّثَنَا هِشَامُ بْنُ عَمَّارٍ، حَدَّثَنَا سُفْيَانُ بْنُ عُيَيْنَةَ، عَنِ الأَسْوَدِ بْنِ قَيْسٍ، عَنْ جُنْدَبٍ الْبَجَلِيِّ، أَنَّهُ سَمِعَهُ,يَقُولُ شَهِدْتُ الأَضْحَى مَعَ رَسُولِ اللَّهِ صلى الله عليه وسلم فَذَبَحَ أُنَاسٌ قَبْلَ الصَّلاَةِ فَقَالَ النَّبِيُّ صلى الله عليه وسلم مَنْ كَانَ ذَبَحَ مِنْكُمْ قَبْلَ الصَّلاَةِ فَلْيُعِدْ أُضْحِيَّتَهُ وَمَنْ لاَ فَلْيَذْبَحْ عَلَى اسْمِ اللَّهِ, ,Sahih - Authentic,صحيح
IbnMaja,26,Chapters on Sacrifices,كتاب الأضاحي,,,,3198,"It was narrated from ‘Uwaimir bin Ashqar that he slaughtered before the prayer, and he mentioned that to the Prophet (ﷺ) who said: “Repeat your sacrifice.”","It was narrated from ‘Uwaimir bin Ashqar that he slaughtered before the prayer, and he mentioned that to the Prophet (ﷺ) who said:",“Repeat your sacrifice.”,حَدَّثَنَا أَبُو بَكْرِ بْنُ أَبِي شَيْبَةَ، حَدَّثَنَا أَبُو خَالِدٍ الأَحْمَرُ، عَنْ يَحْيَى بْنِ سَعِيدٍ، عَنْ عَبَّادِ بْنِ تَمِيمٍ، عَنْ عُوَيْمِرِ بْنِ أَشْقَرَ، أَنَّهُ ذَبَحَ قَبْلَ الصَّلاَةِ فَذَكَرَهُ لِلنَّبِيِّ ـ صلى الله عليه وسلم ـ فَقَالَ ‏ ‏ أَعِدْ أُضْحِيَّتَكَ ‏‏ ‏.‏,حَدَّثَنَا أَبُو بَكْرِ بْنُ أَبِي شَيْبَةَ، حَدَّثَنَا أَبُو خَالِدٍ الأَحْمَرُ، عَنْ يَحْيَى بْنِ سَعِيدٍ، عَنْ عَبَّادِ بْنِ تَمِيمٍ، عَنْ عُوَيْمِرِ بْنِ,أَشْقَرَ، أَنَّهُ ذَبَحَ قَبْلَ الصَّلاَةِ فَذَكَرَهُ لِلنَّبِيِّ صلى الله عليه وسلم فَقَالَ أَعِدْ أُضْحِيَّتَكَ, ,Sahih - Authentic,صحيح
IbnMaja,26,Chapters on Sacrifices,كتاب الأضاحي,,,,3199,"It was narrated that Abu Zaid Al-Ansari said: “The Messenger of Allah (ﷺ) passed by one of the houses of the Ansar and noticed the smell of a cooking pot. He said: ‘Who is this who has slaughtered?’ A man from among us came out and said: ‘It is me, O Messenger of Allah, I slaughtered before the prayer so that I could feed my family and neighbors.’ He commanded him to repeat it. He said: ‘No, by the One besides Whom there is none worthy of worship, I do not have anything but a one-year-old sheep or a lamb.’ He (ﷺ) said: ‘Sacrifice it, but a one-year-old sheep will not do for anyone after you.’”",It was narrated that Abu Zaid Al-Ansari said:,"“The Messenger of Allah (ﷺ) passed by one of the houses of the Ansar and noticed the smell of a cooking pot. He said: ‘Who is this who has slaughtered?’ A man from among us came out and said: ‘It is me, O Messenger of Allah, I slaughtered before the prayer so that I could feed my family and neighbors.’ He commanded him to repeat it. He said: ‘No, by the One besides Whom there is none worthy of worship, I do not have anything but a one-year-old sheep or a lamb.’ He (ﷺ) said: ‘Sacrifice it, but a one-year-old sheep will not do for anyone after you.’”","حَدَّثَنَا أَبُو بَكْرِ بْنُ أَبِي شَيْبَةَ، حَدَّثَنَا عَبْدُ الأَعْلَى، عَنْ خَالِدٍ الْحَذَّاءِ، عَنْ أَبِي قِلاَبَةَ، عَنْ أَبِي زَيْدٍ، - قَالَ أَبُو بَكْرٍ وَقَالَ غَيْرُ عَبْدِ الأَعْلَى عَنْ عَمْرِو بْنِ بُجْدَانَ، عَنْ أَبِي زَيْدٍ، - ح وَحَدَّثَنَا مُحَمَّدُ بْنُ الْمُثَنَّى أَبُو مُوسَى، حَدَّثَنَا عَبْدُ الصَّمَدِ بْنُ عَبْدِ الْوَارِثِ، حَدَّثَنَا أَبِي، عَنْ خَالِدٍ الْحَذَّاءِ، عَنْ أَبِي قِلاَبَةَ، عَنْ عَمْرِو بْنِ بُجْدَانَ، عَنْ أَبِي زَيْدٍ الأَنْصَارِيِّ، قَالَ مَرَّ رَسُولُ اللَّهِ ـ صلى الله عليه وسلم ـ بِدَارٍ مِنْ دُورِ الأَنْصَارِ فَوَجَدَ رِيحَ قُتَارٍ فَقَالَ ‏""‏ مَنْ هَذَا الَّذِي ذَبَحَ ‏""‏ ‏.‏ فَخَرَجَ إِلَيْهِ رَجُلٌ مِنَّا فَقَالَ أَنَا يَا رَسُولَ اللَّهِ ذَبَحْتُ قَبْلَ أَنْ أُصَلِّيَ لأُطْعِمَ أَهْلِي وَجِيرَانِي ‏.‏ فَأَمَرَهُ أَنْ يُعِيدَ ‏.‏ فَقَالَ لاَ وَاللَّهِ الَّذِي لاَ إِلَهَ إِلاَّ هُوَ مَا عِنْدِي إِلاَّ جَذَعٌ أَوْ حَمَلٌ مِنَ الضَّأْنِ ‏.‏ قَالَ ‏""‏ اذْبَحْهَا وَلَنْ تُجْزِئَ جَذَعَةٌ عَنْ أَحَدٍ بَعْدَكَ ‏""‏ ‏.‏",حَدَّثَنَا أَبُو بَكْرِ بْنُ أَبِي شَيْبَةَ، حَدَّثَنَا عَبْدُ الأَعْلَى، عَنْ خَالِدٍ الْحَذَّاءِ، عَنْ أَبِي قِلاَبَةَ، عَنْ أَبِي زَيْدٍ، قَالَ أَبُو بَكْرٍ وَقَالَ غَيْرُ عَبْدِ الأَعْلَى عَنْ عَمْرِو بْنِ بُجْدَانَ، عَنْ أَبِي زَيْدٍ، ح وَحَدَّثَنَا مُحَمَّدُ بْنُ الْمُثَنَّى أَبُو مُوسَى، حَدَّثَنَا عَبْدُ الصَّمَدِ بْنُ عَبْدِ الْوَارِثِ، حَدَّثَنَا أَبِي، عَنْ خَالِدٍ الْحَذَّاءِ، عَنْ أَبِي قِلاَبَةَ، عَنْ عَمْرِو بْنِ بُجْدَانَ، عَنْ أَبِي زَيْدٍ الأَنْصَارِيِّ،,قَالَ مَرَّ رَسُولُ اللَّهِ صلى الله عليه وسلم بِدَارٍ مِنْ دُورِ الأَنْصَارِ فَوَجَدَ رِيحَ قُتَارٍ فَقَالَ مَنْ هَذَا الَّذِي ذَبَحَ فَخَرَجَ إِلَيْهِ رَجُلٌ مِنَّا فَقَالَ أَنَا يَا رَسُولَ اللَّهِ ذَبَحْتُ قَبْلَ أَنْ أُصَلِّيَ لأُطْعِمَ أَهْلِي وَجِيرَانِي فَأَمَرَهُ أَنْ يُعِيدَ فَقَالَ لاَ وَاللَّهِ الَّذِي لاَ إِلَهَ إِلاَّ هُوَ مَا عِنْدِي إِلاَّ جَذَعٌ أَوْ حَمَلٌ مِنَ الضَّأْنِ قَالَ اذْبَحْهَا وَلَنْ تُجْزِئَ جَذَعَةٌ عَنْ أَحَدٍ بَعْدَكَ, ,Hasan - Good,حسن
IbnMaja,26,Chapters on Sacrifices,كتاب الأضاحي,,,,3200,"It was narrated that Anas bin Malik said: “I saw the Messenger of Allah (ﷺ) slaughter his sacrifice with his own hand, placing his foot on its side.”",It was narrated that Anas bin Malik said:,"“I saw the Messenger of Allah (ﷺ) slaughter his sacrifice with his own hand, placing his foot on its side.”",حَدَّثَنَا مُحَمَّدُ بْنُ بَشَّارٍ، حَدَّثَنَا مُحَمَّدُ بْنُ جَعْفَرٍ، حَدَّثَنَا شُعْبَةُ، سَمِعْتُ قَتَادَةَ، يُحَدِّثُ عَنْ أَنَسِ بْنِ مَالِكٍ، قَالَ لَقَدْ رَأَيْتُ رَسُولَ اللَّهِ ـ صلى الله عليه وسلم ـ يَذْبَحُ أُضْحِيَّتَهُ بِيَدِهِ وَاضِعًا قَدَمَهُ عَلَى صِفَاحِهَا ‏.‏,حَدَّثَنَا مُحَمَّدُ بْنُ بَشَّارٍ، حَدَّثَنَا مُحَمَّدُ بْنُ جَعْفَرٍ، حَدَّثَنَا شُعْبَةُ، سَمِعْتُ قَتَادَةَ، يُحَدِّثُ عَنْ أَنَسِ بْنِ مَالِكٍ،,قَالَ لَقَدْ رَأَيْتُ رَسُولَ اللَّهِ صلى الله عليه وسلم يَذْبَحُ أُضْحِيَّتَهُ بِيَدِهِ وَاضِعًا قَدَمَهُ عَلَى صِفَاحِهَا, ,Sahih - Authentic,صحيح
IbnMaja,26,Chapters on Sacrifices,كتاب الأضاحي,,,,3201,"‘Abdur-Rahman bin Sa’d bin ‘Ammar bin Sa’d, the Mu’adhdhin of the Messenger of Allah (ﷺ), told us: “My father told me, from my grandfather, that the Messenger of Allah (ﷺ) slaughtered his sacrifice at the side of an alley, on the road of Banu Zuraiq, with his own hand, using a blade.”","‘Abdur-Rahman bin Sa’d bin ‘Ammar bin Sa’d, the Mu’adhdhin of the Messenger of Allah (ﷺ), told us:","“My father told me, from my grandfather, that the Messenger of Allah (ﷺ) slaughtered his sacrifice at the side of an alley, on the road of Banu Zuraiq, with his own hand, using a blade.”",حَدَّثَنَا هِشَامُ بْنُ عَمَّارٍ، حَدَّثَنَا عَبْدُ الرَّحْمَنِ بْنُ سَعْدِ بْنِ عَمَّارِ بْنِ سَعْدٍ، مُؤَذِّنِ رَسُولِ اللَّهِ ـ صلى الله عليه وسلم ـ حَدَّثَنِي أَبِي عَنْ أَبِيهِ عَنْ جَدِّهِ أَنَّ رَسُولَ اللَّهِ ـ صلى الله عليه وسلم ـ ذَبَحَ أُضْحِيَّتَهُ عِنْدَ طَرَفِ الزُّقَاقِ طَرِيقِ بَنِي زُرَيْقٍ بِيَدِهِ بِشَفْرَةٍ ‏.‏,حَدَّثَنَا هِشَامُ بْنُ عَمَّارٍ، حَدَّثَنَا عَبْدُ الرَّحْمَنِ بْنُ سَعْدِ بْنِ عَمَّارِ بْنِ سَعْدٍ، مُؤَذِّنِ رَسُولِ اللَّهِ صلى الله عليه وسلم حَدَّثَنِي أَبِي عَنْ أَبِيهِ عَنْ جَدِّهِ,أَنَّ رَسُولَ اللَّهِ صلى الله عليه وسلم ذَبَحَ أُضْحِيَّتَهُ عِنْدَ طَرَفِ الزُّقَاقِ طَرِيقِ بَنِي زُرَيْقٍ بِيَدِهِ بِشَفْرَةٍ, ,Daif - Weak, 
IbnMaja,26,Chapters on Sacrifices,كتاب الأضاحي,,,,3202,"‘Ali bin Abu Talib narrated that the Messenger of Allah (ﷺ) commanded him to distribute the entire sacrificial camel – its meat, skin and covers – among the poor.",,"‘Ali
bin Abu Talib narrated that the Messenger of Allah (ﷺ)
commanded
him to distribute the entire sacrificial camel – its meat,
skin and
covers – among the poor.",حَدَّثَنَا مُحَمَّدُ بْنُ مَعْمَرٍ، حَدَّثَنَا مُحَمَّدُ بْنُ بَكْرٍ الْبُرْسَانِيُّ، أَنْبَأَنَا ابْنُ جُرَيْجٍ، أَخْبَرَنِي الْحَسَنُ بْنُ مُسْلِمٍ، أَنَّ مُجَاهِدًا، أَخْبَرَهُ أَنَّ عَبْدَ الرَّحْمَنِ بْنَ أَبِي لَيْلَى أَخْبَرَهُ أَنَّ عَلِيَّ بْنَ أَبِي طَالِبٍ أَخْبَرَهُ أَنَّ رَسُولَ اللَّهِ ـ صلى الله عليه وسلم ـ أَمَرَهُ أَنْ يَقْسِمَ بُدْنَهُ كُلَّهَا لُحُومَهَا وَجُلُودَهَا وَجِلاَلَهَا لِلْمَسَاكِينِ ‏.‏, حَدَّثَنَا مُحَمَّدُ بْنُ مَعْمَرٍ، حَدَّثَنَا مُحَمَّدُ بْنُ بَكْرٍ الْبُرْسَانِيُّ، أَنْبَأَنَا ابْنُ جُرَيْجٍ، أَخْبَرَنِي الْحَسَنُ بْنُ مُسْلِمٍ، أَنَّ مُجَاهِدًا، أَخْبَرَهُ أَنَّ عَبْدَ الرَّحْمَنِ بْنَ أَبِي لَيْلَى أَخْبَرَهُ أَنَّ عَلِيَّ بْنَ, أَبِي طَالِبٍ أَخْبَرَهُ أَنَّ رَسُولَ اللَّهِ صلى الله عليه وسلم أَمَرَهُ أَنْ يَقْسِمَ بُدْنَهُ كُلَّهَا لُحُومَهَا وَجُلُودَهَا وَجِلاَلَهَا لِلْمَسَاكِينِ, ,Sahih - Authentic,صحيح
IbnMaja,26,Chapters on Sacrifices,كتاب الأضاحي,,,,3203,"It was narrated from Jabir bin ‘Abdullah that the Messenger of Allah (ﷺ) ordered that a piece from every camel that had been slaughtered be brought and placed in a pot, then they ate from its meat and drank some of the broth.",,"It was
narrated from Jabir bin ‘Abdullah that the Messenger of Allah
(ﷺ)
ordered that a piece from every camel that had been slaughtered
be
brought and placed in a pot, then they ate from its meat and drank
some of the broth.",حَدَّثَنَا هِشَامُ بْنُ عَمَّارٍ، حَدَّثَنَا سُفْيَانُ بْنُ عُيَيْنَةَ، عَنْ جَعْفَرِ بْنِ مُحَمَّدٍ، عَنْ أَبِيهِ، عَنْ جَابِرِ بْنِ عَبْدِ اللَّهِ، أَنَّ رَسُولَ اللَّهِ ـ صلى الله عليه وسلم ـ أَمَرَ مِنْ كُلِّ جَزُورٍ بِبَضْعَةٍ فَجُعِلَتْ فِي قِدْرٍ فَأَكَلُوا مِنَ اللَّحْمِ وَحَسَوْا مِنَ الْمَرَقِ ‏.‏, حَدَّثَنَا هِشَامُ بْنُ عَمَّارٍ، حَدَّثَنَا سُفْيَانُ بْنُ عُيَيْنَةَ، عَنْ جَعْفَرِ بْنِ مُحَمَّدٍ، عَنْ أَبِيهِ، عَنْ جَابِرِ بْنِ عَبْدِ, اللَّهِ، أَنَّ رَسُولَ اللَّهِ صلى الله عليه وسلم أَمَرَ مِنْ كُلِّ جَزُورٍ بِبَضْعَةٍ فَجُعِلَتْ فِي قِدْرٍ فَأَكَلُوا مِنَ اللَّحْمِ وَحَسَوْا مِنَ الْمَرَقِ, ,Hasan - Good,حسن
IbnMaja,26,Chapters on Sacrifices,كتاب الأضاحي,,,,3204,It was narrated that ‘Aishah said: “The Messenger of Allah (ﷺ) only forbade storing the meat of the sacrifices because the people were facing hardship. Then later he permitted that.”,It was narrated that ‘Aishah said:,“The Messenger of Allah (ﷺ) only forbade storing the meat of the sacrifices because the people were facing hardship. Then later he permitted that.”,حَدَّثَنَا أَبُو بَكْرِ بْنُ أَبِي شَيْبَةَ، حَدَّثَنَا وَكِيعٌ، عَنْ سُفْيَانَ، عَنْ عَبْدِ الرَّحْمَنِ بْنِ عَابِسٍ، عَنْ أَبِيهِ، عَنْ عَائِشَةَ، قَالَتْ إِنَّمَا نَهَى رَسُولُ اللَّهِ ـ صلى الله عليه وسلم ـ عَنْ لُحُومِ الأَضَاحِيِّ لِجَهْدِ النَّاسِ ثُمَّ رَخَّصَ فِيهَا ‏.‏,حَدَّثَنَا أَبُو بَكْرِ بْنُ أَبِي شَيْبَةَ، حَدَّثَنَا وَكِيعٌ، عَنْ سُفْيَانَ، عَنْ عَبْدِ الرَّحْمَنِ بْنِ عَابِسٍ، عَنْ أَبِيهِ، عَنْ,عَائِشَةَ، قَالَتْ إِنَّمَا نَهَى رَسُولُ اللَّهِ صلى الله عليه وسلم عَنْ لُحُومِ الأَضَاحِيِّ لِجَهْدِ النَّاسِ ثُمَّ رَخَّصَ فِيهَا, ,Hasan - Good,حسن
IbnMaja,26,Chapters on Sacrifices,كتاب الأضاحي,,,,3205,"It was narrated from Nubaishah that the Messenger of Allah (ﷺ) said: “I used to forbid you to store the meat of the sacrifices for more than three days, but (now) eat some and store some.”",It was narrated from Nubaishah that the Messenger of Allah (ﷺ) said:,"“I used to forbid you to store the meat of the sacrifices for more than three days, but (now) eat some and store some.”",حَدَّثَنَا أَبُو بَكْرِ بْنُ أَبِي شَيْبَةَ، حَدَّثَنَا عَبْدُ الأَعْلَى بْنُ عَبْدِ الأَعْلَى، عَنْ خَالِدٍ الْحَذَّاءِ، عَنْ أَبِي الْمَلِيحِ، عَنْ نُبَيْشَةَ، أَنَّ رَسُولَ اللَّهِ ـ صلى الله عليه وسلم ـ قَالَ ‏ ‏ كُنْتُ نَهَيْتُكُمْ عَنْ لُحُومِ الأَضَاحِيِّ فَوْقَ ثَلاَثَةِ أَيَّامٍ فَكُلُوا وَادَّخِرُوا ‏‏ ‏.‏,حَدَّثَنَا أَبُو بَكْرِ بْنُ أَبِي شَيْبَةَ، حَدَّثَنَا عَبْدُ الأَعْلَى بْنُ عَبْدِ الأَعْلَى، عَنْ خَالِدٍ الْحَذَّاءِ، عَنْ أَبِي الْمَلِيحِ، عَنْ,نُبَيْشَةَ، أَنَّ رَسُولَ اللَّهِ صلى الله عليه وسلم قَالَ كُنْتُ نَهَيْتُكُمْ عَنْ لُحُومِ الأَضَاحِيِّ فَوْقَ ثَلاَثَةِ أَيَّامٍ فَكُلُوا وَادَّخِرُوا, ,Sahih - Authentic,صحيح
IbnMaja,26,Chapters on Sacrifices,كتاب الأضاحي,,,,3206,It was narrated from Ibn ‘Umar that the Prophet (ﷺ) used to slaughter at the prayer place (of the ‘Eid congregation).,,"It was
narrated from Ibn ‘Umar that the Prophet (ﷺ) used to
slaughter at
the prayer place (of the ‘Eid congregation).",حَدَّثَنَا مُحَمَّدُ بْنُ بَشَّارٍ، حَدَّثَنَا أَبُو بَكْرٍ الْحَنَفِيُّ، حَدَّثَنَا أُسَامَةُ بْنُ زَيْدٍ، عَنْ نَافِعٍ، عَنِ ابْنِ عُمَرَ، عَنِ النَّبِيِّ ـ صلى الله عليه وسلم ـ أَنَّهُ كَانَ يَذْبَحُ بِالْمُصَلَّى ‏.‏, حَدَّثَنَا مُحَمَّدُ بْنُ بَشَّارٍ، حَدَّثَنَا أَبُو بَكْرٍ الْحَنَفِيُّ، حَدَّثَنَا أُسَامَةُ بْنُ زَيْدٍ، عَنْ نَافِعٍ، عَنِ ابْنِ عُمَرَ،, عَنِ النَّبِيِّ صلى الله عليه وسلم أَنَّهُ كَانَ يَذْبَحُ بِالْمُصَلَّى, ,Hasan - Good,حسن
