Book_Name,Chapter_Number,Chapter_English,Chapter_Arabic,Section_Number,Section_English,Section_Arabic,Hadith_number,English_Hadith,English_Isnad,English_Matn,Arabic_Hadith,Arabic_Isnad,Arabic_Matn,Arabic_Comment,English_Grade,Arabic_Grade
Bukhari,18.0,Shortening the Prayers (At-Taqseer),كتاب التقصير,1.0,For what period of stay one should offer shortened prayers,مَا جَاءَ فِي التَّقْصِيرِ وَكَمْ يُقِيمُ حَتَّى يَقْصُرَ,1080.0,"Narrated Ibn `Abbas: The Prophet (ﷺ) once stayed for nineteen days and prayed shortened prayers. So when we travel led (andstayed) for nineteen days, we used to shorten the prayer but if we traveled (and stayed) for a longerperiod we used to offer the full prayer.",Narrated Ibn `Abbas:,"The Prophet (ﷺ) once stayed for nineteen days and prayed shortened prayers. So when we travel led (andstayed) for nineteen days, we used to shorten the prayer but if we traveled (and stayed) for a longerperiod we used to offer the full prayer.",حَدَّثَنَا مُوسَى بْنُ إِسْمَاعِيلَ، قَالَ حَدَّثَنَا أَبُو عَوَانَةَ، عَنْ عَاصِمٍ، وَحُصَيْنٍ، عَنْ عِكْرِمَةَ، عَنِ ابْنِ عَبَّاسٍ ـ رضى الله عنهما ـ قَالَ أَقَامَ النَّبِيُّ صلى الله عليه وسلم تِسْعَةَ عَشَرَ يَقْصُرُ، فَنَحْنُ إِذَا سَافَرْنَا تِسْعَةَ عَشَرَ قَصَرْنَا، وَإِنْ زِدْنَا أَتْمَمْنَا‏.‏,حَدَّثَنَا مُوسَى بْنُ إِسْمَاعِيلَ، قَالَ حَدَّثَنَا أَبُو عَوَانَةَ، عَنْ عَاصِمٍ، وَحُصَيْنٍ، عَنْ عِكْرِمَةَ، عَنِ ابْنِ عَبَّاسٍ ـ رضى الله عنهما ـ قَالَ,أَقَامَ النَّبِيُّ صلى الله عليه وسلم تِسْعَةَ عَشَرَ يَقْصُرُ، فَنَحْنُ إِذَا سَافَرْنَا تِسْعَةَ عَشَرَ قَصَرْنَا، وَإِنْ زِدْنَا أَتْمَمْنَا‏.‏,,Sahih-Authentic,صحيح
Bukhari,18.0,Shortening the Prayers (At-Taqseer),كتاب التقصير,1.0,For what period of stay one should offer shortened prayers,مَا جَاءَ فِي التَّقْصِيرِ وَكَمْ يُقِيمُ حَتَّى يَقْصُرَ,1081.0,"Narrated Yahya bin 'Is-haq: I heard Anas saying, ""We traveled with the Prophet (ﷺ) from Medina to Mecca and offered two rak`at (forevery prayer) till we returned to Medina."" I said, ""Did you stay for a while in Mecca?"" He replied,""We stayed in Mecca for ten days.""",Narrated Yahya bin 'Is-haq:,"I heard Anas saying, ""We traveled with the Prophet (ﷺ) from Medina to Mecca and offered two rak`at (forevery prayer) till we returned to Medina."" I said, ""Did you stay for a while in Mecca?"" He replied,""We stayed in Mecca for ten days.""",حَدَّثَنَا أَبُو مَعْمَرٍ، قَالَ حَدَّثَنَا عَبْدُ الْوَارِثِ، قَالَ حَدَّثَنَا يَحْيَى بْنُ أَبِي إِسْحَاقَ، قَالَ سَمِعْتُ أَنَسًا، يَقُولُ خَرَجْنَا مَعَ النَّبِيِّ صلى الله عليه وسلم مِنَ الْمَدِينَةِ إِلَى مَكَّةَ، فَكَانَ يُصَلِّي رَكْعَتَيْنِ رَكْعَتَيْنِ حَتَّى رَجَعْنَا إِلَى الْمَدِينَةِ‏.‏ قُلْتُ أَقَمْتُمْ بِمَكَّةَ شَيْئًا قَالَ أَقَمْنَا بِهَا عَشْرًا‏.‏,حَدَّثَنَا أَبُو مَعْمَرٍ، قَالَ حَدَّثَنَا عَبْدُ الْوَارِثِ، قَالَ حَدَّثَنَا يَحْيَى بْنُ أَبِي إِسْحَاقَ، قَالَ سَمِعْتُ أَنَسًا، يَقُولُ,خَرَجْنَا مَعَ النَّبِيِّ صلى الله عليه وسلم مِنَ الْمَدِينَةِ إِلَى مَكَّةَ، فَكَانَ يُصَلِّي رَكْعَتَيْنِ رَكْعَتَيْنِ حَتَّى رَجَعْنَا إِلَى الْمَدِينَةِ‏.‏ قُلْتُ أَقَمْتُمْ بِمَكَّةَ شَيْئًا قَالَ أَقَمْنَا بِهَا عَشْرًا‏.‏,,Sahih-Authentic,صحيح
Bukhari,18.0,Shortening the Prayers (At-Taqseer),كتاب التقصير,2.0,As-Salat (the prayers) at Mina (during Hajj),الصَّلاَةِ بِمِنًى,1082.0,"Narrated `Abdullah bin `Umar: I offered the prayer with the Prophet, Abu Bakr and `Umar at Mina and it was of two rak`at. `Uthmanin the early days of his caliphate did the same, but later on he started praying the full prayer.",Narrated `Abdullah bin `Umar:,"I offered the prayer with the Prophet, Abu Bakr and `Umar at Mina and it was of two rak`at. `Uthmanin the early days of his caliphate did the same, but later on he started praying the full prayer.",حَدَّثَنَا مُسَدَّدٌ، قَالَ حَدَّثَنَا يَحْيَى، عَنْ عُبَيْدِ اللَّهِ، قَالَ أَخْبَرَنِي نَافِعٌ، عَنْ عَبْدِ اللَّهِ ـ رضى الله عنه ـ قَالَ صَلَّيْتُ مَعَ النَّبِيِّ صلى الله عليه وسلم بِمِنًى رَكْعَتَيْنِ، وَأَبِي بَكْرٍ وَعُمَرَ، وَمَعَ عُثْمَانَ صَدْرًا مِنْ إِمَارَتِهِ ثُمَّ أَتَمَّهَا‏.‏,حَدَّثَنَا مُسَدَّدٌ، قَالَ حَدَّثَنَا يَحْيَى، عَنْ عُبَيْدِ اللَّهِ، قَالَ أَخْبَرَنِي نَافِعٌ، عَنْ عَبْدِ اللَّهِ ـ رضى الله عنه ـ قَالَ,صَلَّيْتُ مَعَ النَّبِيِّ صلى الله عليه وسلم بِمِنًى رَكْعَتَيْنِ، وَأَبِي بَكْرٍ وَعُمَرَ، وَمَعَ عُثْمَانَ صَدْرًا مِنْ إِمَارَتِهِ ثُمَّ أَتَمَّهَا‏.‏,,Sahih-Authentic,صحيح
Bukhari,18.0,Shortening the Prayers (At-Taqseer),كتاب التقصير,2.0,As-Salat (the prayers) at Mina (during Hajj),الصَّلاَةِ بِمِنًى,1083.0,Narrated Haritha bin Wahab: The Prophet (ﷺ) I led us in the prayer at Mina during the peace period by offering two rak`at.,Narrated Haritha bin Wahab:,The Prophet (ﷺ) I led us in the prayer at Mina during the peace period by offering two rak`at.,حَدَّثَنَا أَبُو الْوَلِيدِ، قَالَ حَدَّثَنَا شُعْبَةُ، أَنْبَأَنَا أَبُو إِسْحَاقَ، قَالَ سَمِعْتُ حَارِثَةَ بْنَ وَهْبٍ، قَالَ صَلَّى بِنَا النَّبِيُّ صلى الله عليه وسلم آمَنَ مَا كَانَ بِمِنًى رَكْعَتَيْنِ‏.‏,حَدَّثَنَا أَبُو الْوَلِيدِ، قَالَ حَدَّثَنَا شُعْبَةُ، أَنْبَأَنَا أَبُو إِسْحَاقَ، قَالَ سَمِعْتُ حَارِثَةَ بْنَ وَهْبٍ، قَالَ,صَلَّى بِنَا النَّبِيُّ صلى الله عليه وسلم آمَنَ مَا كَانَ بِمِنًى رَكْعَتَيْنِ‏.‏,,Sahih-Authentic,صحيح
Bukhari,18.0,Shortening the Prayers (At-Taqseer),كتاب التقصير,2.0,As-Salat (the prayers) at Mina (during Hajj),الصَّلاَةِ بِمِنًى,1084.0,"Narrated `Abdur Rahman bin Yazid: We offered a four rak`at prayer at Mina behind Ibn `Affan . `Abdullah bin Mas`ud was informedabout it. He said sadly, ""Truly to Allah we belong and truly to Him we shall return."" And added, ""Iprayed two rak`at with Allah's Messenger (ﷺ) at Mina and similarly with Abu Bakr and with `Umar (duringtheir caliphates)."" He further said, ""May I be lucky enough to have two of the four rak`at accepted (byAllah).""",Narrated `Abdur Rahman bin Yazid:,"We offered a four rak`at prayer at Mina behind Ibn `Affan . `Abdullah bin Mas`ud was informedabout it. He said sadly, ""Truly to Allah we belong and truly to Him we shall return."" And added, ""Iprayed two rak`at with Allah's Messenger (ﷺ) at Mina and similarly with Abu Bakr and with `Umar (duringtheir caliphates)."" He further said, ""May I be lucky enough to have two of the four rak`at accepted (byAllah).""",حَدَّثَنَا قُتَيْبَةُ، قَالَ حَدَّثَنَا عَبْدُ الْوَاحِدِ، عَنِ الأَعْمَشِ، قَالَ حَدَّثَنَا إِبْرَاهِيمُ، قَالَ سَمِعْتُ عَبْدَ الرَّحْمَنِ بْنَ يَزِيدَ، يَقُولُ صَلَّى بِنَا عُثْمَانُ بْنُ عَفَّانَ ـ رضى الله عنه ـ بِمِنًى أَرْبَعَ رَكَعَاتٍ، فَقِيلَ ذَلِكَ لِعَبْدِ اللَّهِ بْنِ مَسْعُودٍ ـ رضى الله عنه ـ فَاسْتَرْجَعَ ثُمَّ قَالَ صَلَّيْتُ مَعَ رَسُولِ اللَّهِ صلى الله عليه وسلم بِمِنًى رَكْعَتَيْنِ، وَصَلَّيْتُ مَعَ أَبِي بَكْرٍ ـ رضى الله عنه ـ بِمِنًى رَكْعَتَيْنِ، وَصَلَّيْتُ مَعَ عُمَرَ بْنِ الْخَطَّابِ ـ رضى الله عنه ـ بِمِنًى رَكْعَتَيْنِ، فَلَيْتَ حَظِّي مِنْ أَرْبَعِ رَكَعَاتٍ رَكْعَتَانِ مُتَقَبَّلَتَانِ‏.‏,حَدَّثَنَا قُتَيْبَةُ، قَالَ حَدَّثَنَا عَبْدُ الْوَاحِدِ، عَنِ الأَعْمَشِ، قَالَ حَدَّثَنَا إِبْرَاهِيمُ، قَالَ سَمِعْتُ عَبْدَ الرَّحْمَنِ بْنَ يَزِيدَ، يَقُولُ,صَلَّى بِنَا عُثْمَانُ بْنُ عَفَّانَ ـ رضى الله عنه ـ بِمِنًى أَرْبَعَ رَكَعَاتٍ، فَقِيلَ ذَلِكَ لِعَبْدِ اللَّهِ بْنِ مَسْعُودٍ ـ رضى الله عنه ـ فَاسْتَرْجَعَ ثُمَّ قَالَ صَلَّيْتُ مَعَ رَسُولِ اللَّهِ صلى الله عليه وسلم بِمِنًى رَكْعَتَيْنِ، وَصَلَّيْتُ مَعَ أَبِي بَكْرٍ ـ رضى الله عنه ـ بِمِنًى رَكْعَتَيْنِ، وَصَلَّيْتُ مَعَ عُمَرَ بْنِ الْخَطَّابِ ـ رضى الله عنه ـ بِمِنًى رَكْعَتَيْنِ، فَلَيْتَ حَظِّي مِنْ أَرْبَعِ رَكَعَاتٍ رَكْعَتَانِ مُتَقَبَّلَتَانِ‏.‏,,Sahih-Authentic,صحيح
Bukhari,18.0,Shortening the Prayers (At-Taqseer),كتاب التقصير,3.0,How long did the Prophet (pbup) stay during the Hajj?,كَمْ أَقَامَ النَّبِيُّ صلى الله عليه وسلم فِي حَجَّتِهِ,1085.0,"Narrated Ibn `Abbas: The Prophet (ﷺ) and his companions reached Mecca in the morning of the 4th Dhul-Hijja reciting Talbiya(O Allah! We are obedient to your orders, we respond 4 to your call) . . . intending to perform Hajj.The Prophet (ﷺ) ordered his companions to assume the lhram for Umra instead of Hajj, excepting thosewho had Hadi (sacrifice) with them.",Narrated Ibn `Abbas:,"The Prophet (ﷺ) and his companions reached Mecca in the morning of the 4th Dhul-Hijja reciting Talbiya(O Allah! We are obedient to your orders, we respond 4 to your call) . . . intending to perform Hajj.The Prophet (ﷺ) ordered his companions to assume the lhram for Umra instead of Hajj, excepting thosewho had Hadi (sacrifice) with them.",حَدَّثَنَا مُوسَى بْنُ إِسْمَاعِيلَ، قَالَ حَدَّثَنَا وُهَيْبٌ، قَالَ حَدَّثَنَا أَيُّوبُ، عَنْ أَبِي الْعَالِيَةِ الْبَرَّاءِ، عَنِ ابْنِ عَبَّاسٍ ـ رضى الله عنهما ـ قَالَ قَدِمَ النَّبِيُّ صلى الله عليه وسلم وَأَصْحَابُهُ لِصُبْحِ رَابِعَةٍ يُلَبُّونَ بِالْحَجِّ، فَأَمَرَهُمْ أَنْ يَجْعَلُوهَا عُمْرَةً إِلاَّ مَنْ مَعَهُ الْهَدْىُ‏.‏,حَدَّثَنَا مُوسَى بْنُ إِسْمَاعِيلَ، قَالَ حَدَّثَنَا وُهَيْبٌ، قَالَ حَدَّثَنَا أَيُّوبُ، عَنْ أَبِي الْعَالِيَةِ الْبَرَّاءِ، عَنِ ابْنِ عَبَّاسٍ ـ رضى الله عنهما ـ قَالَ,قَدِمَ النَّبِيُّ صلى الله عليه وسلم وَأَصْحَابُهُ لِصُبْحِ رَابِعَةٍ يُلَبُّونَ بِالْحَجِّ، فَأَمَرَهُمْ أَنْ يَجْعَلُوهَا عُمْرَةً إِلاَّ مَنْ مَعَهُ الْهَدْىُ‏.‏,تَابَعَهُ عَطَاءٌ عَنْ جَابِرٍ‏.‏,Sahih-Authentic,صحيح
Bukhari,18.0,Shortening the Prayers (At-Taqseer),كتاب التقصير,4.0,The length of the journey that makes it permissible to offer a shortened prayer?,فِي كَمْ يَقْصُرُ الصَّلاَةَ,1086.0,"Narrated Ibn `Umar: The Prophet (ﷺ) said, ""A woman should not travel for more than three days except with a Dhi-Mahram(i.e. a male with whom she cannot marry at all, e.g. her brother, father, grandfather, etc.) or her ownhusband.)""",Narrated Ibn `Umar:,"The Prophet (ﷺ) said, ""A woman should not travel for more than three days except with a Dhi-Mahram(i.e. a male with whom she cannot marry at all, e.g. her brother, father, grandfather, etc.) or her ownhusband.)""",حَدَّثَنَا إِسْحَاقُ بْنُ إِبْرَاهِيمَ الْحَنْظَلِيُّ، قَالَ قُلْتُ لأَبِي أُسَامَةَ حَدَّثَكُمْ عُبَيْدُ اللَّهِ، عَنْ نَافِعٍ، عَنِ ابْنِ عُمَرَ ـ رضى الله عنهما ـ أَنَّ النَّبِيَّ صلى الله عليه وسلم قَالَ ‏ ‏ لاَ تُسَافِرِ الْمَرْأَةُ ثَلاَثَةَ أَيَّامٍ إِلاَّ مَعَ ذِي مَحْرَمٍ ‏‏‏.‏,حَدَّثَنَا إِسْحَاقُ بْنُ إِبْرَاهِيمَ الْحَنْظَلِيُّ، قَالَ قُلْتُ لأَبِي أُسَامَةَ حَدَّثَكُمْ عُبَيْدُ اللَّهِ، عَنْ نَافِعٍ، عَنِ ابْنِ عُمَرَ ـ رضى الله عنهما ـ أَنَّ,النَّبِيَّ صلى الله عليه وسلم قَالَ ‏ ‏ لاَ تُسَافِرِ الْمَرْأَةُ ثَلاَثَةَ أَيَّامٍ إِلاَّ مَعَ ذِي مَحْرَمٍ ‏‏‏.‏,,Sahih-Authentic,صحيح
Bukhari,18.0,Shortening the Prayers (At-Taqseer),كتاب التقصير,4.0,The length of the journey that makes it permissible to offer a shortened prayer?,فِي كَمْ يَقْصُرُ الصَّلاَةَ,1087.0,"Narrated Ibn `Umar: The Prophet (ﷺ) said, ""A woman should not travel for more than three days except with a Dhi-Mahram.""",Narrated Ibn `Umar:,"The Prophet (ﷺ) said, ""A woman should not travel for more than three days except with a Dhi-Mahram.""",حَدَّثَنَا مُسَدَّدٌ، قَالَ حَدَّثَنَا يَحْيَى، عَنْ عُبَيْدِ اللَّهِ، عَنْ نَافِعٍ، عَنِ ابْنِ عُمَرَ ـ رضى الله عنهما ـ عَنِ النَّبِيِّ صلى الله عليه وسلم قَالَ ‏ ‏ لاَ تُسَافِرِ الْمَرْأَةُ ثَلاَثًا إِلاَّ مَعَ ذِي مَحْرَمٍ ‏‏‏.‏,حَدَّثَنَا مُسَدَّدٌ، قَالَ حَدَّثَنَا يَحْيَى، عَنْ عُبَيْدِ اللَّهِ، عَنْ نَافِعٍ، عَنِ ابْنِ عُمَرَ ـ رضى الله عنهما ـ عَنِ,النَّبِيِّ صلى الله عليه وسلم قَالَ ‏ ‏ لاَ تُسَافِرِ الْمَرْأَةُ ثَلاَثًا إِلاَّ مَعَ ذِي مَحْرَمٍ ‏‏‏.‏, تَابَعَهُ أَحْمَدُ عَنِ ابْنِ الْمُبَارَكِ عَنْ عُبَيْدِ اللَّهِ عَنْ نَافِعٍ عَنِ ابْنِ عُمَرَ عَنِ النَّبِيِّ صلى الله عليه وسلم‏.‏,Sahih-Authentic,صحيح
Bukhari,18.0,Shortening the Prayers (At-Taqseer),كتاب التقصير,4.0,The length of the journey that makes it permissible to offer a shortened prayer?,فِي كَمْ يَقْصُرُ الصَّلاَةَ,1088.0,"Narrated Abu Huraira: The Prophet (p.b.u.h) said, ""It is not permissible for a woman who believes in Allah and the Last Dayto travel for one day and night except with a Mahram.""",Narrated Abu Huraira:,"The Prophet (p.b.u.h) said, ""It is not permissible for a woman who believes in Allah and the Last Dayto travel for one day and night except with a Mahram.""",حَدَّثَنَا آدَمُ، قَالَ حَدَّثَنَا ابْنُ أَبِي ذِئْبٍ، قَالَ حَدَّثَنَا سَعِيدٌ الْمَقْبُرِيُّ، عَنْ أَبِيهِ، عَنْ أَبِي هُرَيْرَةَ ـ رضى الله عنهما ـ قَالَ قَالَالنَّبِيُّ صلى الله عليه وسلم ‏ ‏ لاَ يَحِلُّ لاِمْرَأَةٍ تُؤْمِنُ بِاللَّهِ وَالْيَوْمِ الآخِرِ أَنْ تُسَافِرَ مَسِيرَةَ يَوْمٍ وَلَيْلَةٍ لَيْسَ مَعَهَا حُرْمَةٌ ‏‏‏.,حَدَّثَنَا آدَمُ، قَالَ حَدَّثَنَا ابْنُ أَبِي ذِئْبٍ، قَالَ حَدَّثَنَا سَعِيدٌ الْمَقْبُرِيُّ، عَنْ أَبِيهِ، عَنْ أَبِي هُرَيْرَةَ ـ رضى الله عنهما ـ قَالَ,قَالَالنَّبِيُّ صلى الله عليه وسلم ‏ ‏ لاَ يَحِلُّ لاِمْرَأَةٍ تُؤْمِنُ بِاللَّهِ وَالْيَوْمِ الآخِرِ أَنْ تُسَافِرَ مَسِيرَةَ يَوْمٍ وَلَيْلَةٍ لَيْسَ مَعَهَا حُرْمَةٌ ‏‏‏.,( تَابَعَهُ يَحْيَى بْنُ أَبِي كَثِيرٍ وَسُهَيْلٌ وَمَالِكٌ عَنِ الْمَقْبُرِيِّ عَنْ أَبِي هُرَيْرَةَ ـ رضى الله عنه‏.‏,Sahih-Authentic,صحيح
Bukhari,18.0,Shortening the Prayers (At-Taqseer),كتاب التقصير,5.0," When a traveller leaves his original place, he can shorten his Salat (prayer)",يَقْصُرُ إِذَا خَرَجَ مِنْ مَوْضِعِهِ,1089.0,Narrated Anas bin Malik: offered four rak`at of Zuhr prayer with the Prophet (p.b.u.h) at Medina and two rak`at at Dhul-Hulaifa.(i.e. shortened the `Asr prayer).,Narrated Anas bin Malik:,offered four rak`at of Zuhr prayer with the Prophet (p.b.u.h) at Medina and two rak`at at Dhul-Hulaifa.(i.e. shortened the `Asr prayer).,حَدَّثَنَا أَبُو نُعَيْمٍ، قَالَ حَدَّثَنَا سُفْيَانُ، عَنْ مُحَمَّدِ بْنِ الْمُنْكَدِرِ، وَإِبْرَاهِيمَ بْنِ مَيْسَرَةَ، عَنْ أَنَسٍ ـ رضى الله عنه ـ قَالَ صَلَّيْتُ الظُّهْرَ مَعَ النَّبِيِّ صلى الله عليه وسلم بِالْمَدِينَةِ أَرْبَعًا، وَبِذِي الْحُلَيْفَةِ رَكْعَتَيْنِ‏.‏,حَدَّثَنَا أَبُو نُعَيْمٍ، قَالَ حَدَّثَنَا سُفْيَانُ، عَنْ مُحَمَّدِ بْنِ الْمُنْكَدِرِ، وَإِبْرَاهِيمَ بْنِ مَيْسَرَةَ، عَنْ أَنَسٍ ـ رضى الله عنه ـ قَالَ,صَلَّيْتُ الظُّهْرَ مَعَ النَّبِيِّ صلى الله عليه وسلم بِالْمَدِينَةِ أَرْبَعًا، وَبِذِي الْحُلَيْفَةِ رَكْعَتَيْنِ‏.‏,,Sahih-Authentic,صحيح
Bukhari,18.0,Shortening the Prayers (At-Taqseer),كتاب التقصير,5.0," When a traveller leaves his original place, he can shorten his Salat (prayer)",يَقْصُرُ إِذَا خَرَجَ مِنْ مَوْضِعِهِ,1090.0,"Narrated `Aisha: ""When the prayers were first enjoined they were of two rak`at each. Later the prayer in a journey waskept as it was but the prayers for non-travelers were completed."" Az-Zuhri said, ""I asked `Urwa whatmade Aisha pray the full prayers (in journey)."" He replied, ""She did the same as `Uthman did.""",Narrated `Aisha:,"""When the prayers were first enjoined they were of two rak`at each. Later the prayer in a journey waskept as it was but the prayers for non-travelers were completed."" Az-Zuhri said, ""I asked `Urwa whatmade Aisha pray the full prayers (in journey)."" He replied, ""She did the same as `Uthman did.""",حَدَّثَنَا عَبْدُاللَّهِ بْنُ مُحَمَّدٍ، قَالَ حَدَّثَنَا سُفْيَانُ، عَنِ الزُّهْرِيِّ، عَنْ عُرْوَةَ، عَنْ عَائِشَةَ ـ رضى الله عنها ـ قَالَتِ الصَّلاَةُ أَوَّلُ مَا فُرِضَتْ رَكْعَتَيْنِ فَأُقِرَّتْ صَلاَةُ السَّفَرِ، وَأُتِمَّتْ صَلاَةُ الْحَضَرِ‏.‏ قَالَ الزُّهْرِيُّ فَقُلْتُ لِعُرْوَةَ مَا بَالُ عَائِشَةَ تُتِمُّ قَالَ تَأَوَّلَتْ مَا تَأَوَّلَ عُثْمَانُ‏.‏,حَدَّثَنَا عَبْدُاللَّهِ بْنُ مُحَمَّدٍ، قَالَ حَدَّثَنَا سُفْيَانُ، عَنِ الزُّهْرِيِّ، عَنْ عُرْوَةَ، عَنْ عَائِشَةَ ـ رضى الله عنها ـ قَالَتِ,الصَّلاَةُ أَوَّلُ مَا فُرِضَتْ رَكْعَتَيْنِ فَأُقِرَّتْ صَلاَةُ السَّفَرِ، وَأُتِمَّتْ صَلاَةُ الْحَضَرِ‏.‏ قَالَ الزُّهْرِيُّ فَقُلْتُ لِعُرْوَةَ مَا بَالُ عَائِشَةَ تُتِمُّ قَالَ تَأَوَّلَتْ مَا تَأَوَّلَ عُثْمَانُ‏.‏,,Sahih-Authentic,صحيح
Bukhari,18.0,Shortening the Prayers (At-Taqseer),كتاب التقصير,6.0,Three Rak'a of Maghrib prayer during the journey,يُصَلِّي الْمَغْرِبَ ثَلاَثًا فِي السَّفَرِ,1091.0,"Narrated `Abdullah bin `Umar: ""I saw Allah's Messenger (ﷺ) delaying the Maghrib prayer till he offered it along with the `Isha' prayerwhenever he was in a hurry during the journey."" Salim narrated, ""Ibn `Umar used to do the samewhenever he was in a hurry during the journey.""",Narrated `Abdullah bin `Umar:,"""I saw Allah's Messenger (ﷺ) delaying the Maghrib prayer till he offered it along with the `Isha' prayerwhenever he was in a hurry during the journey."" Salim narrated, ""Ibn `Umar used to do the samewhenever he was in a hurry during the journey.""",حَدَّثَنَا أَبُو الْيَمَانِ، قَالَ أَخْبَرَنَا شُعَيْبٌ، عَنِ الزُّهْرِيِّ، قَالَ أَخْبَرَنِي سَالِمٌ، عَنْ عَبْدِ اللَّهِ بْنِ عُمَرَ ـ رضى الله عنهما ـ قَالَ رَأَيْتُ رَسُولَ اللَّهِ صلى الله عليه وسلم إِذَا أَعْجَلَهُ السَّيْرُ فِي السَّفَرِ يُؤَخِّرُ الْمَغْرِبَ حَتَّى يَجْمَعَ بَيْنَهَا وَبَيْنَ الْعِشَاءِ‏.‏ قَالَ سَالِمٌ وَكَانَ عَبْدُ اللَّهِ يَفْعَلُهُ إِذَا أَعْجَلَهُ السَّيْرُ‏.‏,حَدَّثَنَا أَبُو الْيَمَانِ، قَالَ أَخْبَرَنَا شُعَيْبٌ، عَنِ الزُّهْرِيِّ، قَالَ أَخْبَرَنِي سَالِمٌ، عَنْ عَبْدِ اللَّهِ بْنِ عُمَرَ ـ رضى الله عنهما ـ قَالَ,رَأَيْتُ رَسُولَ اللَّهِ صلى الله عليه وسلم إِذَا أَعْجَلَهُ السَّيْرُ فِي السَّفَرِ يُؤَخِّرُ الْمَغْرِبَ حَتَّى يَجْمَعَ بَيْنَهَا وَبَيْنَ الْعِشَاءِ‏.‏ قَالَ سَالِمٌ وَكَانَ عَبْدُ اللَّهِ يَفْعَلُهُ إِذَا أَعْجَلَهُ السَّيْرُ‏.‏,,Sahih-Authentic,صحيح
Bukhari,18.0,Shortening the Prayers (At-Taqseer),كتاب التقصير,6.0,Three Rak'a of Maghrib prayer during the journey,يُصَلِّي الْمَغْرِبَ ثَلاَثًا فِي السَّفَرِ,1092.0,"Narrated `Abdullah bin `Umar: And Salim added, ""Ibn `Umar used to pray theMaghrib and `Isha' prayers together in Al-Muzdalifa."" Salim said, ""Ibn `Umar delayed the Maghribprayer because at that time he heard the news of the death of his wife Safiya bint Abi `Ubaid. I said tohim, 'The prayer (is due).' He said, 'Go on.' Again I said, 'The prayer (is due).' He said, 'Go on,' till wecovered two or three miles. Then he got down, prayed and said, 'I saw the Prophet (ﷺ) praying in this way,whenever he was in a hurry during the journey.' `Abdullah (bin `Umar) added, ""Whenever theProphet was in a hurry, he used to delay the Maghrib prayer and then offer three rak`at (of theMaghrib) and perform Taslim, and after waiting for a short while, Iqama used to be pronounced forthe `Isha' prayer when he would offer two rak`at and perform Taslim. He would never offer anyoptional prayer till the middle of the night (when he used to pray the Tahajjud).""",Narrated `Abdullah bin `Umar:,"And Salim added, ""Ibn `Umar used to pray theMaghrib and `Isha' prayers together in Al-Muzdalifa."" Salim said, ""Ibn `Umar delayed the Maghribprayer because at that time he heard the news of the death of his wife Safiya bint Abi `Ubaid. I said tohim, 'The prayer (is due).' He said, 'Go on.' Again I said, 'The prayer (is due).' He said, 'Go on,' till wecovered two or three miles. Then he got down, prayed and said, 'I saw the Prophet (ﷺ) praying in this way,whenever he was in a hurry during the journey.' `Abdullah (bin `Umar) added, ""Whenever theProphet was in a hurry, he used to delay the Maghrib prayer and then offer three rak`at (of theMaghrib) and perform Taslim, and after waiting for a short while, Iqama used to be pronounced forthe `Isha' prayer when he would offer two rak`at and perform Taslim. He would never offer anyoptional prayer till the middle of the night (when he used to pray the Tahajjud).""",حَدَّثَنَا أَبُو الْيَمَانِ، قَالَ أَخْبَرَنَا شُعَيْبٌ، عَنِ الزُّهْرِيِّ، قَالَ أَخْبَرَنِي سَالِمٌ، عَنْ عَبْدِ اللَّهِ بْنِ عُمَرَ ـ رضى الله عنهما ـ قَالَ وَزَادَ اللَّيْثُ قَالَ حَدَّثَنِي يُونُسُ، عَنِ ابْنِ شِهَابٍ، قَالَ سَالِمٌ كَانَ ابْنُ عُمَرَ ـ رضى الله عنهما ـ يَجْمَعُ بَيْنَ الْمَغْرِبِ وَالْعِشَاءِ بِالْمُزْدَلِفَةِ‏.‏ قَالَ سَالِمٌ وَأَخَّرَ ابْنُ عُمَرَ الْمَغْرِبَ، وَكَانَ اسْتُصْرِخَ عَلَى امْرَأَتِهِ صَفِيَّةَ بِنْتِ أَبِي عُبَيْدٍ فَقُلْتُ لَهُ الصَّلاَةُ‏.‏ فَقَالَ سِرْ‏.‏ فَقُلْتُ الصَّلاَةُ‏.‏ فَقَالَ سِرْ‏.‏ حَتَّى سَارَ مِيلَيْنِ أَوْ ثَلاَثَةً ثُمَّ نَزَلَ فَصَلَّى ثُمَّ قَالَ هَكَذَا رَأَيْتُ النَّبِيَّ صلى الله عليه وسلم يُصَلِّي إِذَا أَعْجَلَهُ السَّيْرُ‏.‏ وَقَالَ عَبْدُ اللَّهِ رَأَيْتُ النَّبِيَّ صلى الله عليه وسلم إِذَا أَعْجَلَهُ السَّيْرُ يُؤَخِّرُ الْمَغْرِبَ، فَيُصَلِّيهَا ثَلاَثًا ثُمَّ يُسَلِّمُ، ثُمَّ قَلَّمَا يَلْبَثُ حَتَّى يُقِيمَ الْعِشَاءَ فَيُصَلِّيَهَا رَكْعَتَيْنِ ثُمَّ يُسَلِّمُ، وَلاَ يُسَبِّحُ بَعْدَ الْعِشَاءِ حَتَّى يَقُومَ مِنْ جَوْفِ اللَّيْلِ‏.‏,حَدَّثَنَا أَبُو الْيَمَانِ، قَالَ أَخْبَرَنَا شُعَيْبٌ، عَنِ الزُّهْرِيِّ، قَالَ أَخْبَرَنِي سَالِمٌ، عَنْ عَبْدِ اللَّهِ بْنِ عُمَرَ ـ رضى الله عنهما ـ قَالَ,وَزَادَ اللَّيْثُ قَالَ حَدَّثَنِي يُونُسُ، عَنِ ابْنِ شِهَابٍ، قَالَ سَالِمٌ كَانَ ابْنُ عُمَرَ ـ رضى الله عنهما ـ يَجْمَعُ بَيْنَ الْمَغْرِبِ وَالْعِشَاءِ بِالْمُزْدَلِفَةِ‏.‏ قَالَ سَالِمٌ وَأَخَّرَ ابْنُ عُمَرَ الْمَغْرِبَ، وَكَانَ اسْتُصْرِخَ عَلَى امْرَأَتِهِ صَفِيَّةَ بِنْتِ أَبِي عُبَيْدٍ فَقُلْتُ لَهُ الصَّلاَةُ‏.‏ فَقَالَ سِرْ‏.‏ فَقُلْتُ الصَّلاَةُ‏.‏ فَقَالَ سِرْ‏.‏ حَتَّى سَارَ مِيلَيْنِ أَوْ ثَلاَثَةً ثُمَّ نَزَلَ فَصَلَّى ثُمَّ قَالَ هَكَذَا رَأَيْتُ النَّبِيَّ صلى الله عليه وسلم يُصَلِّي إِذَا أَعْجَلَهُ السَّيْرُ‏.‏ وَقَالَ عَبْدُ اللَّهِ رَأَيْتُ النَّبِيَّ صلى الله عليه وسلم إِذَا أَعْجَلَهُ السَّيْرُ يُؤَخِّرُ الْمَغْرِبَ، فَيُصَلِّيهَا ثَلاَثًا ثُمَّ يُسَلِّمُ، ثُمَّ قَلَّمَا يَلْبَثُ حَتَّى يُقِيمَ الْعِشَاءَ فَيُصَلِّيَهَا رَكْعَتَيْنِ ثُمَّ يُسَلِّمُ، وَلاَ يُسَبِّحُ بَعْدَ الْعِشَاءِ حَتَّى يَقُومَ مِنْ جَوْفِ اللَّيْلِ‏.‏,,Sahih-Authentic,صحيح
Bukhari,18.0,Shortening the Prayers (At-Taqseer),كتاب التقصير,7.0,To offer Nawafil on the back of animals,صَلاَةِ التَّطَوُّعِ عَلَى الدَّوَابِّ وَحَيْثُمَا تَوَجَّهَتْ بِهِ,1093.0,Narrated `Abdullah bin 'Amir from his father who said: I saw the Prophet (p.b.u.h) offering the prayer on his mount (Rahila) whatever direction it took.,Narrated `Abdullah bin 'Amir from his father who said:,I saw the Prophet (p.b.u.h) offering the prayer on his mount (Rahila) whatever direction it took.,حَدَّثَنَا عَلِيُّ بْنُ عَبْدِ اللَّهِ، قَالَ حَدَّثَنَا عَبْدُ الأَعْلَى، قَالَ حَدَّثَنَا مَعْمَرٌ، عَنِ الزُّهْرِيِّ، عَنْ عَبْدِ اللَّهِ بْنِ عَامِرٍ، عَنْ أَبِيهِ، قَالَ رَأَيْتُ النَّبِيَّ صلى الله عليه وسلم يُصَلِّي عَلَى رَاحِلَتِهِ حَيْثُ تَوَجَّهَتْ بِهِ‏.‏,حَدَّثَنَا عَلِيُّ بْنُ عَبْدِ اللَّهِ، قَالَ حَدَّثَنَا عَبْدُ الأَعْلَى، قَالَ حَدَّثَنَا مَعْمَرٌ، عَنِ الزُّهْرِيِّ، عَنْ عَبْدِ اللَّهِ بْنِ عَامِرٍ، عَنْ أَبِيهِ، قَالَ,رَأَيْتُ النَّبِيَّ صلى الله عليه وسلم يُصَلِّي عَلَى رَاحِلَتِهِ حَيْثُ تَوَجَّهَتْ بِهِ‏.‏,,Sahih-Authentic,صحيح
Bukhari,18.0,Shortening the Prayers (At-Taqseer),كتاب التقصير,7.0,To offer Nawafil on the back of animals,صَلاَةِ التَّطَوُّعِ عَلَى الدَّوَابِّ وَحَيْثُمَا تَوَجَّهَتْ بِهِ,1094.0,"Narrated Jabir bin `Abdullah: The Prophet (ﷺ) used to offer the Nawafil, while riding, facing a direction other than that of the Qibla.",Narrated Jabir bin `Abdullah:,"The Prophet (ﷺ) used to offer the Nawafil, while riding, facing a direction other than that of the Qibla.",حَدَّثَنَا أَبُو نُعَيْمٍ، قَالَ حَدَّثَنَا شَيْبَانُ، عَنْ يَحْيَى، عَنْ مُحَمَّدِ بْنِ عَبْدِ الرَّحْمَنِ، أَنَّ جَابِرَ بْنَ عَبْدِ اللَّهِ، أَخْبَرَهُ أَنَّ النَّبِيَّ صلى الله عليه وسلم كَانَ يُصَلِّي التَّطَوُّعَ وَهْوَ رَاكِبٌ فِي غَيْرِ الْقِبْلَةِ‏.‏,حَدَّثَنَا أَبُو نُعَيْمٍ، قَالَ حَدَّثَنَا شَيْبَانُ، عَنْ يَحْيَى، عَنْ مُحَمَّدِ بْنِ عَبْدِ الرَّحْمَنِ، أَنَّ جَابِرَ بْنَ عَبْدِ اللَّهِ، أَخْبَرَهُ,أَنَّ النَّبِيَّ صلى الله عليه وسلم كَانَ يُصَلِّي التَّطَوُّعَ وَهْوَ رَاكِبٌ فِي غَيْرِ الْقِبْلَةِ‏.‏,,Sahih-Authentic,صحيح
Bukhari,18.0,Shortening the Prayers (At-Taqseer),كتاب التقصير,7.0,To offer Nawafil on the back of animals,صَلاَةِ التَّطَوُّعِ عَلَى الدَّوَابِّ وَحَيْثُمَا تَوَجَّهَتْ بِهِ,1095.0,Narrated Nafi`: Ibn `Umar (while on a journey) used to offer the prayer and the witr on his mount (Rahila). He saidthat the Prophet (ﷺ) used to do so.,Narrated Nafi`:,Ibn `Umar (while on a journey) used to offer the prayer and the witr on his mount (Rahila). He saidthat the Prophet (ﷺ) used to do so.,حَدَّثَنَا عَبْدُ الأَعْلَى بْنُ حَمَّادٍ، قَالَ حَدَّثَنَا وُهَيْبٌ، قَالَ حَدَّثَنَا مُوسَى بْنُ عُقْبَةَ، عَنْ نَافِعٍ، قَالَ وَكَانَ ابْنُ عُمَرَ ـ رضى الله عنهما ـ يُصَلِّي عَلَى رَاحِلَتِهِ وَيُوتِرُ عَلَيْهَا، وَيُخْبِرُ أَنَّ النَّبِيَّ صلى الله عليه وسلم كَانَ يَفْعَلُهُ‏.‏,حَدَّثَنَا عَبْدُ الأَعْلَى بْنُ حَمَّادٍ، قَالَ حَدَّثَنَا وُهَيْبٌ، قَالَ حَدَّثَنَا مُوسَى بْنُ عُقْبَةَ، عَنْ نَافِعٍ، قَالَ,وَكَانَ ابْنُ عُمَرَ ـ رضى الله عنهما ـ يُصَلِّي عَلَى رَاحِلَتِهِ وَيُوتِرُ عَلَيْهَا، وَيُخْبِرُ أَنَّ النَّبِيَّ صلى الله عليه وسلم كَانَ يَفْعَلُهُ‏.‏,,Sahih-Authentic,صحيح
Bukhari,18.0,Shortening the Prayers (At-Taqseer),كتاب التقصير,8.0,To offer the Salat by signs (while riding) on an animal,الإِيمَاءِ عَلَى الدَّابَّةِ,1096.0,"Narrated `Abdullah bin Dinar: On traveling, `Abdullah bin `Umar used to offer the prayer on his Mount by signs whatever directionit took. `Abdullah said that the Prophet (ﷺ) used to do so.",Narrated `Abdullah bin Dinar:,"On traveling, `Abdullah bin `Umar used to offer the prayer on his Mount by signs whatever directionit took. `Abdullah said that the Prophet (ﷺ) used to do so.",حَدَّثَنَا مُوسَى، قَالَ حَدَّثَنَا عَبْدُ الْعَزِيزِ بْنُ مُسْلِمٍ، قَالَ حَدَّثَنَا عَبْدُ اللَّهِ بْنُ دِينَارٍ، قَالَ كَانَ عَبْدُ اللَّهِ بْنُ عُمَرَ ـ رضى الله عنهما ـ يُصَلِّي فِي السَّفَرِ عَلَى رَاحِلَتِهِ، أَيْنَمَا تَوَجَّهَتْ يُومِئُ‏.‏ وَذَكَرَ عَبْدُ اللَّهِ أَنَّ النَّبِيَّ صلى الله عليه وسلم كَانَ يَفْعَلُهُ‏.‏,حَدَّثَنَا مُوسَى، قَالَ حَدَّثَنَا عَبْدُ الْعَزِيزِ بْنُ مُسْلِمٍ، قَالَ حَدَّثَنَا عَبْدُ اللَّهِ بْنُ دِينَارٍ، قَالَ,كَانَ عَبْدُ اللَّهِ بْنُ عُمَرَ ـ رضى الله عنهما ـ يُصَلِّي فِي السَّفَرِ عَلَى رَاحِلَتِهِ، أَيْنَمَا تَوَجَّهَتْ يُومِئُ‏.‏ وَذَكَرَ عَبْدُ اللَّهِ أَنَّ النَّبِيَّ صلى الله عليه وسلم كَانَ يَفْعَلُهُ‏.‏,,Sahih-Authentic,صحيح
Bukhari,18.0,Shortening the Prayers (At-Taqseer),كتاب التقصير,9.0,To get down to offer compulsory Salat,يَنْزِلُ لِلْمَكْتُوبَةِ,1097.0,"Narrated 'Amir bin Rabi`a: I saw the Prophet (ﷺ) on his Mount praying Nawafil by nodding his head, whatever direction he faced, butAllah's Messenger (ﷺ) never did the same in offering the compulsory prayers.",Narrated 'Amir bin Rabi`a:,"I saw the Prophet (ﷺ) on his Mount praying Nawafil by nodding his head, whatever direction he faced, butAllah's Messenger (ﷺ) never did the same in offering the compulsory prayers.",حَدَّثَنَا يَحْيَى بْنُ بُكَيْرٍ، قَالَ حَدَّثَنَا اللَّيْثُ، عَنْ عُقَيْلٍ، عَنِ ابْنِ شِهَابٍ، عَنْ عَبْدِ اللَّهِ بْنِ عَامِرِ بْنِ رَبِيعَةَ، أَنَّ عَامِرَ بْنَ رَبِيعَةَ، أَخْبَرَهُ قَالَ رَأَيْتُ رَسُولَ اللَّهِ صلى الله عليه وسلم وَهْوَ عَلَى الرَّاحِلَةِ يُسَبِّحُ، يُومِئُ بِرَأْسِهِ قِبَلَ أَىِّ وَجْهٍ تَوَجَّهَ، وَلَمْ يَكُنْ رَسُولُ اللَّهِ صلى الله عليه وسلم يَصْنَعُ ذَلِكَ فِي الصَّلاَةِ الْمَكْتُوبَةِ‏.‏,حَدَّثَنَا يَحْيَى بْنُ بُكَيْرٍ، قَالَ حَدَّثَنَا اللَّيْثُ، عَنْ عُقَيْلٍ، عَنِ ابْنِ شِهَابٍ، عَنْ عَبْدِ اللَّهِ بْنِ عَامِرِ بْنِ رَبِيعَةَ، أَنَّ عَامِرَ بْنَ رَبِيعَةَ، أَخْبَرَهُ قَالَ,رَأَيْتُ رَسُولَ اللَّهِ صلى الله عليه وسلم وَهْوَ عَلَى الرَّاحِلَةِ يُسَبِّحُ، يُومِئُ بِرَأْسِهِ قِبَلَ أَىِّ وَجْهٍ تَوَجَّهَ، وَلَمْ يَكُنْ رَسُولُ اللَّهِ صلى الله عليه وسلم يَصْنَعُ ذَلِكَ فِي الصَّلاَةِ الْمَكْتُوبَةِ‏.‏,,Sahih-Authentic,صحيح
Bukhari,18.0,Shortening the Prayers (At-Taqseer),كتاب التقصير,9.0,To get down to offer compulsory Salat,يَنْزِلُ لِلْمَكْتُوبَةِ,1098.0,"Narrated Salim: At night`Abdullah bin `Umar used to offer the prayer on the back of his animal during the journey and nevercared about the direction he faced. Ibn `Umar said, ""Allah's Messenger (ﷺ) used to offer the optional prayeron the back of his Mount facing any direction and also used to pray the witr on it but never offered thecompulsory prayer on it.""",Narrated Salim:,"At night`Abdullah bin `Umar used to offer the prayer on the back of his animal during the journey and nevercared about the direction he faced. Ibn `Umar said, ""Allah's Messenger (ﷺ) used to offer the optional prayeron the back of his Mount facing any direction and also used to pray the witr on it but never offered thecompulsory prayer on it.""",وَقَالَ اللَّيْثُ حَدَّثَنِي يُونُسُ، عَنِ ابْنِ شِهَابٍ، قَالَ قَالَ سَالِمٌ كَانَ عَبْدُ اللَّهِ يُصَلِّي عَلَى دَابَّتِهِ مِنَ اللَّيْلِ وَهْوَ مُسَافِرٌ، مَا يُبَالِي حَيْثُ مَا كَانَ وَجْهُهُ‏.‏ قَالَ ابْنُ عُمَرَ وَكَانَ رَسُولُ اللَّهِ صلى الله عليه وسلم يُسَبِّحُ عَلَى الرَّاحِلَةِ قِبَلَ أَىِّ وَجْهٍ تَوَجَّهَ، وَيُوتِرُ عَلَيْهَا، غَيْرَ أَنَّهُ لاَ يُصَلِّي عَلَيْهَا الْمَكْتُوبَةَ‏.‏,وَقَالَ اللَّيْثُ حَدَّثَنِي يُونُسُ، عَنِ ابْنِ شِهَابٍ، قَالَ قَالَ سَالِمٌ,كَانَ عَبْدُ اللَّهِ يُصَلِّي عَلَى دَابَّتِهِ مِنَ اللَّيْلِ وَهْوَ مُسَافِرٌ، مَا يُبَالِي حَيْثُ مَا كَانَ وَجْهُهُ‏.‏ قَالَ ابْنُ عُمَرَ وَكَانَ رَسُولُ اللَّهِ صلى الله عليه وسلم يُسَبِّحُ عَلَى الرَّاحِلَةِ قِبَلَ أَىِّ وَجْهٍ تَوَجَّهَ، وَيُوتِرُ عَلَيْهَا، غَيْرَ أَنَّهُ لاَ يُصَلِّي عَلَيْهَا الْمَكْتُوبَةَ‏.‏,,Sahih-Authentic,صحيح
Bukhari,18.0,Shortening the Prayers (At-Taqseer),كتاب التقصير,9.0,To get down to offer compulsory Salat,يَنْزِلُ لِلْمَكْتُوبَةِ,1099.0,"Narrated Jabir bin `Abdullah: The Prophet (ﷺ) used to pray (the Nawafil) on his Mount facing east and whenever he wanted to offer thecompulsory prayer, he used to dismount and face the Qibla.",Narrated Jabir bin `Abdullah:,"The Prophet (ﷺ) used to pray (the Nawafil) on his Mount facing east and whenever he wanted to offer thecompulsory prayer, he used to dismount and face the Qibla.",حَدَّثَنَا مُعَاذُ بْنُ فَضَالَةَ، قَالَ حَدَّثَنَا هِشَامٌ، عَنْ يَحْيَى، عَنْ مُحَمَّدِ بْنِ عَبْدِ الرَّحْمَنِ بْنِ ثَوْبَانَ، قَالَ حَدَّثَنِي جَابِرُ بْنُ عَبْدِ اللَّهِ، أَنَّ النَّبِيَّ صلى الله عليه وسلم كَانَ يُصَلِّي عَلَى رَاحِلَتِهِ نَحْوَ الْمَشْرِقِ فَإِذَا أَرَادَ أَنْ يُصَلِّيَ الْمَكْتُوبَةَ نَزَلَ فَاسْتَقْبَلَ الْقِبْلَةَ‏.‏,حَدَّثَنَا مُعَاذُ بْنُ فَضَالَةَ، قَالَ حَدَّثَنَا هِشَامٌ، عَنْ يَحْيَى، عَنْ مُحَمَّدِ بْنِ عَبْدِ الرَّحْمَنِ بْنِ ثَوْبَانَ، قَالَ حَدَّثَنِي جَابِرُ بْنُ عَبْدِ اللَّهِ،,أَنَّ النَّبِيَّ صلى الله عليه وسلم كَانَ يُصَلِّي عَلَى رَاحِلَتِهِ نَحْوَ الْمَشْرِقِ فَإِذَا أَرَادَ أَنْ يُصَلِّيَ الْمَكْتُوبَةَ نَزَلَ فَاسْتَقْبَلَ الْقِبْلَةَ‏.‏,,Sahih-Authentic,صحيح
Bukhari,18.0,Shortening the Prayers (At-Taqseer),كتاب التقصير,10.0,To offer the Nawafil while riding a donkey,صَلاَةِ التَّطَوُّعِ عَلَى الْحِمَارِ,1100.0,"Narrated Anas bin Seereen: We went to receive Anas bin Malik when he returned from Sham and met him at a place called 'Ainat-Tamr. I saw him praying riding the donkey, with his face to this direction, i.e. to the left of theQibla. I said to him, ""I have seen you offering the prayer in a direction other than that of the Qibla.""He replied, ""If I had not seen Allah's Messenger (ﷺ) doing it, I would not have done it.""",Narrated Anas bin Seereen:,"We went to receive Anas bin Malik when he returned from Sham and met him at a place called 'Ainat-Tamr. I saw him praying riding the donkey, with his face to this direction, i.e. to the left of theQibla. I said to him, ""I have seen you offering the prayer in a direction other than that of the Qibla.""He replied, ""If I had not seen Allah's Messenger (ﷺ) doing it, I would not have done it.""",حَدَّثَنَا أَحْمَدُ بْنُ سَعِيدٍ، قَالَ حَدَّثَنَا حَبَّانُ، قَالَ حَدَّثَنَا هَمَّامٌ، قَالَ حَدَّثَنَا أَنَسُ بْنُ سِيرِينَ، قَالَ اسْتَقْبَلْنَا أَنَسًا حِينَ قَدِمَ مِنَ الشَّأْمِ، فَلَقِينَاهُ بِعَيْنِ التَّمْرِ، فَرَأَيْتُهُ يُصَلِّي عَلَى حِمَارٍ وَوَجْهُهُ مِنْ ذَا الْجَانِبِ، يَعْنِي عَنْ يَسَارِ الْقِبْلَةِ‏.‏ فَقُلْتُ رَأَيْتُكَ تُصَلِّي لِغَيْرِ الْقِبْلَةِ‏.‏ فَقَالَ لَوْلاَ أَنِّي رَأَيْتُ رَسُولَ اللَّهِ صلى الله عليه وسلم فَعَلَهُ لَمْ أَفْعَلْهُ‏.‏,حَدَّثَنَا أَحْمَدُ بْنُ سَعِيدٍ، قَالَ حَدَّثَنَا حَبَّانُ، قَالَ حَدَّثَنَا هَمَّامٌ، قَالَ حَدَّثَنَا أَنَسُ بْنُ سِيرِينَ، قَالَ,اسْتَقْبَلْنَا أَنَسًا حِينَ قَدِمَ مِنَ الشَّأْمِ، فَلَقِينَاهُ بِعَيْنِ التَّمْرِ، فَرَأَيْتُهُ يُصَلِّي عَلَى حِمَارٍ وَوَجْهُهُ مِنْ ذَا الْجَانِبِ، يَعْنِي عَنْ يَسَارِ الْقِبْلَةِ‏.‏ فَقُلْتُ رَأَيْتُكَ تُصَلِّي لِغَيْرِ الْقِبْلَةِ‏.‏ فَقَالَ لَوْلاَ أَنِّي رَأَيْتُ رَسُولَ اللَّهِ صلى الله عليه وسلم فَعَلَهُ لَمْ أَفْعَلْهُ‏.‏,  رَوَاهُ ابْنُ طَهْمَانَ عَنْ حَجَّاجٍ عَنْ أَنَسِ بْنِ سِيرِينَ عَنْ أَنَسٍ ـ رضى الله عنه ـ عَنِ النَّبِيِّ صلى الله عليه وسلم‏.‏,Sahih-Authentic,صحيح
Bukhari,18.0,Shortening the Prayers (At-Taqseer),كتاب التقصير,11.0,Whoever did not offer the Nawafil before and after the (compulsory) Salat during a journey,مَنْ لَمْ يَتَطَوَّعْ فِي السَّفَرِ دُبُرَ الصَّلاَةِ وَقَبْلَهَا,1101.0,"Narrated Hafs bin `Asim: Ibn `Umar went on a journey and said, ""I accompanied the Prophet (ﷺ) and he did not offer optionalprayers during the journey, and Allah says: 'Verily! In Allah's Messenger (ﷺ) you have a good example tofollow.' "" (33.21)",Narrated Hafs bin `Asim:,"Ibn `Umar went on a journey and said, ""I accompanied the Prophet (ﷺ) and he did not offer optionalprayers during the journey, and Allah says: 'Verily! In Allah's Messenger (ﷺ) you have a good example tofollow.' "" (33.21)",حَدَّثَنَا يَحْيَى بْنُ سُلَيْمَانَ، قَالَ حَدَّثَنِي ابْنُ وَهْبٍ، قَالَ حَدَّثَنِي عُمَرُ بْنُ مُحَمَّدٍ، أَنَّ حَفْصَ بْنَ عَاصِمٍ، حَدَّثَهُ قَالَ سَافَرَ ابْنُ عُمَرَ ـ رضى الله عنهما ـ فَقَالَ صَحِبْتُ النَّبِيَّ صلى الله عليه وسلم فَلَمْ أَرَهُ يُسَبِّحُ فِي السَّفَرِ، وَقَالَ اللَّهُ جَلَّ ذِكْرُهُ ‏{‏لَقَدْ كَانَ لَكُمْ فِي رَسُولِ اللَّهِ أُسْوَةٌ حَسَنَةٌ‏}‏‏.‏,حَدَّثَنَا يَحْيَى بْنُ سُلَيْمَانَ، قَالَ حَدَّثَنِي ابْنُ وَهْبٍ، قَالَ حَدَّثَنِي عُمَرُ بْنُ مُحَمَّدٍ، أَنَّ حَفْصَ بْنَ عَاصِمٍ، حَدَّثَهُ قَالَ سَافَرَ ابْنُ عُمَرَ ـ رضى الله عنهما ـ فَقَالَ,صَحِبْتُ النَّبِيَّ صلى الله عليه وسلم فَلَمْ أَرَهُ يُسَبِّحُ فِي السَّفَرِ، وَقَالَ اللَّهُ جَلَّ ذِكْرُهُ ‏{‏لَقَدْ كَانَ لَكُمْ فِي رَسُولِ اللَّهِ أُسْوَةٌ حَسَنَةٌ‏}‏‏.‏,,Sahih-Authentic,صحيح
Bukhari,18.0,Shortening the Prayers (At-Taqseer),كتاب التقصير,11.0,Whoever did not offer the Nawafil before and after the (compulsory) Salat during a journey,مَنْ لَمْ يَتَطَوَّعْ فِي السَّفَرِ دُبُرَ الصَّلاَةِ وَقَبْلَهَا,1102.0,"Narrated Ibn `Umar: I accompanied Allah's Messenger (ﷺ) and he never offered more than two rak`at during the journey. AbuBakr, `Umar and `Uthman used to do the same.",Narrated Ibn `Umar:,"I accompanied Allah's Messenger (ﷺ) and he never offered more than two rak`at during the journey. AbuBakr, `Umar and `Uthman used to do the same.",حَدَّثَنَا مُسَدَّدٌ، قَالَ حَدَّثَنَا يَحْيَى، عَنْ عِيسَى بْنِ حَفْصِ بْنِ عَاصِمٍ، قَالَ حَدَّثَنِي أَبِي أَنَّهُ، سَمِعَ ابْنَ عُمَرَ، يَقُولُ صَحِبْتُ رَسُولَ اللَّهِ صلى الله عليه وسلم فَكَانَ لاَ يَزِيدُ فِي السَّفَرِ عَلَى رَكْعَتَيْنِ، وَأَبَا بَكْرٍ وَعُمَرَ وَعُثْمَانَ كَذَلِكَ ـ رضى الله عنهم‏.‏,حَدَّثَنَا مُسَدَّدٌ، قَالَ حَدَّثَنَا يَحْيَى، عَنْ عِيسَى بْنِ حَفْصِ بْنِ عَاصِمٍ، قَالَ حَدَّثَنِي أَبِي أَنَّهُ، سَمِعَ ابْنَ عُمَرَ، يَقُولُ,صَحِبْتُ رَسُولَ اللَّهِ صلى الله عليه وسلم فَكَانَ لاَ يَزِيدُ فِي السَّفَرِ عَلَى رَكْعَتَيْنِ، وَأَبَا بَكْرٍ وَعُمَرَ وَعُثْمَانَ كَذَلِكَ ـ رضى الله عنهم‏.‏,,Sahih-Authentic,صحيح
Bukhari,18.0,Shortening the Prayers (At-Taqseer),كتاب التقصير,12.0,Whoever offered Nawafil not after the compulsory Salat but before it,مَنْ تَطَوَّعَ فِي السَّفَرِ فِي غَيْرِ دُبُرِ الصَّلَوَاتِ وَقَبْلَهَا,1103.0,"Narrated Ibn Abu Laila: Only Um Hani told us that she had seen the Prophet (p.b.u.h) offering the Duha (forenoon prayer).She said, ""On the day of the conquest of Mecca, the Prophet (ﷺ) took a bath in my house and offered eightrak`at. I never saw him praying such a light prayer but he performed perfect prostration and bowing.",Narrated Ibn Abu Laila:,"Only Um Hani told us that she had seen the Prophet (p.b.u.h) offering the Duha (forenoon prayer).She said, ""On the day of the conquest of Mecca, the Prophet (ﷺ) took a bath in my house and offered eightrak`at. I never saw him praying such a light prayer but he performed perfect prostration and bowing.",حَدَّثَنَا حَفْصُ بْنُ عُمَرَ، قَالَ حَدَّثَنَا شُعْبَةُ، عَنْ عَمْرٍو، عَنِ ابْنِ أَبِي لَيْلَى، قَالَ مَا أَنْبَأَ أَحَدٌ، أَنَّهُ رَأَى النَّبِيَّ صلى الله عليه وسلم صَلَّى الضُّحَى غَيْرُ أُمِّ هَانِئٍ ذَكَرَتْ أَنَّ النَّبِيَّ صلى الله عليه وسلم يَوْمَ فَتْحِ مَكَّةَ اغْتَسَلَ فِي بَيْتِهَا، فَصَلَّى ثَمَانِ رَكَعَاتٍ، فَمَا رَأَيْتُهُ صَلَّى صَلاَةً أَخَفَّ مِنْهَا، غَيْرَ أَنَّهُ يُتِمُّ الرُّكُوعَ وَالسُّجُودَ‏.‏,حَدَّثَنَا حَفْصُ بْنُ عُمَرَ، قَالَ حَدَّثَنَا شُعْبَةُ، عَنْ عَمْرٍو، عَنِ ابْنِ أَبِي لَيْلَى، قَالَ,مَا أَنْبَأَ أَحَدٌ، أَنَّهُ رَأَى النَّبِيَّ صلى الله عليه وسلم صَلَّى الضُّحَى غَيْرُ أُمِّ هَانِئٍ ذَكَرَتْ أَنَّ النَّبِيَّ صلى الله عليه وسلم يَوْمَ فَتْحِ مَكَّةَ اغْتَسَلَ فِي بَيْتِهَا، فَصَلَّى ثَمَانِ رَكَعَاتٍ، فَمَا رَأَيْتُهُ صَلَّى صَلاَةً أَخَفَّ مِنْهَا، غَيْرَ أَنَّهُ يُتِمُّ الرُّكُوعَ وَالسُّجُودَ‏.‏,,Sahih-Authentic,صحيح
Bukhari,18.0,Shortening the Prayers (At-Taqseer),كتاب التقصير,12.0,Whoever offered Nawafil not after the compulsory Salat but before it,مَنْ تَطَوَّعَ فِي السَّفَرِ فِي غَيْرِ دُبُرِ الصَّلَوَاتِ وَقَبْلَهَا,1104.0,"Narrated Salim bin `Abdullah: Narrated `Abdullah bin Amir that his father had told him that he had seen the Prophet (p.b.u.h)praying Nawafil at night on the back of his Mount on a journey, facing whatever direction it took.",Narrated Salim bin `Abdullah:,"Narrated `Abdullah bin Amir that his father had told him that he had seen the Prophet (p.b.u.h)praying Nawafil at night on the back of his Mount on a journey, facing whatever direction it took.",وَقَالَ اللَّيْثُ حَدَّثَنِي يُونُسُ، عَنِ ابْنِ شِهَابٍ، قَالَ حَدَّثَنِي عَبْدُ اللَّهِ بْنُ عَامِرٍ، أَنَّ أَبَاهُ، أَخْبَرَهُ أَنَّهُ، رَأَى النَّبِيَّ صلى الله عليه وسلم صَلَّى السُّبْحَةَ بِاللَّيْلِ فِي السَّفَرِ عَلَى ظَهْرِ رَاحِلَتِهِ حَيْثُ تَوَجَّهَتْ بِهِ‏.‏,وَقَالَ اللَّيْثُ حَدَّثَنِي يُونُسُ، عَنِ ابْنِ شِهَابٍ، قَالَ حَدَّثَنِي عَبْدُ اللَّهِ بْنُ عَامِرٍ، أَنَّ أَبَاهُ، أَخْبَرَهُ أَنَّهُ،,رَأَى النَّبِيَّ صلى الله عليه وسلم صَلَّى السُّبْحَةَ بِاللَّيْلِ فِي السَّفَرِ عَلَى ظَهْرِ رَاحِلَتِهِ حَيْثُ تَوَجَّهَتْ بِهِ‏.‏,,Sahih-Authentic,صحيح
Bukhari,18.0,Shortening the Prayers (At-Taqseer),كتاب التقصير,12.0,Whoever offered Nawafil not after the compulsory Salat but before it,مَنْ تَطَوَّعَ فِي السَّفَرِ فِي غَيْرِ دُبُرِ الصَّلَوَاتِ وَقَبْلَهَا,1105.0,"Narrated Salim bin `Abdullah: Ibn `Umar said, ""Allah's Messenger (ﷺ) used to pray the Nawafil on the back of his Mount (carriage) bysigns facing any direction."" Ibn `Umar used to do the same.",Narrated Salim bin `Abdullah:,"Ibn `Umar said, ""Allah's Messenger (ﷺ) used to pray the Nawafil on the back of his Mount (carriage) bysigns facing any direction."" Ibn `Umar used to do the same.",حَدَّثَنَا أَبُو الْيَمَانِ، قَالَ أَخْبَرَنَا شُعَيْبٌ، عَنِ الزُّهْرِيِّ، قَالَ أَخْبَرَنِي سَالِمُ بْنُ عَبْدِ اللَّهِ، عَنِ ابْنِ عُمَرَ ـ رضى الله عنهما ـ أَنَّ رَسُولَ اللَّهِ صلى الله عليه وسلم كَانَ يُسَبِّحُ عَلَى ظَهْرِ رَاحِلَتِهِ حَيْثُ كَانَ وَجْهُهُ، يُومِئُ بِرَأْسِهِ، وَكَانَ ابْنُ عُمَرَ يَفْعَلُهُ‏.‏,حَدَّثَنَا أَبُو الْيَمَانِ، قَالَ أَخْبَرَنَا شُعَيْبٌ، عَنِ الزُّهْرِيِّ، قَالَ أَخْبَرَنِي سَالِمُ بْنُ عَبْدِ اللَّهِ، عَنِ ابْنِ عُمَرَ ـ رضى الله عنهما ـ,أَنَّ رَسُولَ اللَّهِ صلى الله عليه وسلم كَانَ يُسَبِّحُ عَلَى ظَهْرِ رَاحِلَتِهِ حَيْثُ كَانَ وَجْهُهُ، يُومِئُ بِرَأْسِهِ، وَكَانَ ابْنُ عُمَرَ يَفْعَلُهُ‏.‏,,Sahih-Authentic,صحيح
Bukhari,18.0,Shortening the Prayers (At-Taqseer),كتاب التقصير,13.0," To offer Maghrib and ""Isha"" prayers together on a journey",الْجَمْعِ فِي السَّفَرِ بَيْنَ الْمَغْرِبِ وَالْعِشَاءِ,1106.0,Narrated Salim's father: The Prophet (ﷺ) used to offer the Maghrib and `Isha' prayers together whenever he was in a hurry on a journey.,Narrated Salim's father:,The Prophet (ﷺ) used to offer the Maghrib and `Isha' prayers together whenever he was in a hurry on a journey.,حَدَّثَنَا عَلِيُّ بْنُ عَبْدِ اللَّهِ، قَالَ حَدَّثَنَا سُفْيَانُ، قَالَ سَمِعْتُ الزُّهْرِيَّ، عَنْ سَالِمٍ، عَنْ أَبِيهِ، قَالَ كَانَ النَّبِيُّ صلى الله عليه وسلم يَجْمَعُ بَيْنَ الْمَغْرِبِ وَالْعِشَاءِ إِذَا جَدَّ بِهِ السَّيْرُ‏.‏,حَدَّثَنَا عَلِيُّ بْنُ عَبْدِ اللَّهِ، قَالَ حَدَّثَنَا سُفْيَانُ، قَالَ سَمِعْتُ الزُّهْرِيَّ، عَنْ سَالِمٍ، عَنْ أَبِيهِ، قَالَ,كَانَ النَّبِيُّ صلى الله عليه وسلم يَجْمَعُ بَيْنَ الْمَغْرِبِ وَالْعِشَاءِ إِذَا جَدَّ بِهِ السَّيْرُ‏.‏,,Sahih-Authentic,صحيح
Bukhari,18.0,Shortening the Prayers (At-Taqseer),كتاب التقصير,13.0," To offer Maghrib and ""Isha"" prayers together on a journey",الْجَمْعِ فِي السَّفَرِ بَيْنَ الْمَغْرِبِ وَالْعِشَاءِ,1107.0,"Narrated Ibn `Abbas: Allah's Messenger (ﷺ) used to offer the Zuhr and `Asr prayers together on journeys, and also used to offer the Maghrib and `Isha' prayers together. Narrated Anas bin Malik: The Prophet (ﷺ) used to offer the Maghrib and the `Isha' prayers together on journeys.",Narrated Ibn `Abbas:,"Allah's Messenger (ﷺ) used to offer the Zuhr and `Asr prayers together on journeys, and also used to offer the Maghrib and `Isha' prayers together. Narrated Anas bin Malik: The Prophet (ﷺ) used to offer the Maghrib and the `Isha' prayers together on journeys.",وَقَالَ إِبْرَاهِيمُ بْنُ طَهْمَانَ عَنِ الْحُسَيْنِ الْمُعَلِّمِ، عَنْ يَحْيَى بْنِ أَبِي كَثِيرٍ، عَنْ عِكْرِمَةَ، عَنِ ابْنِ عَبَّاسٍ ـ رضى الله عنهما ـ قَالَ كَانَ رَسُولُ اللَّهِ صلى الله عليه وسلم يَجْمَعُ بَيْنَ صَلاَةِ الظُّهْرِ وَالْعَصْرِ إِذَا كَانَ عَلَى ظَهْرِ سَيْرٍ، وَيَجْمَعُ بَيْنَ الْمَغْرِبِ وَالْعِشَاءِ‏.‏,وَقَالَ إِبْرَاهِيمُ بْنُ طَهْمَانَ عَنِ الْحُسَيْنِ الْمُعَلِّمِ، عَنْ يَحْيَى بْنِ أَبِي كَثِيرٍ، عَنْ عِكْرِمَةَ، عَنِ ابْنِ عَبَّاسٍ ـ رضى الله عنهما ـ قَالَ,كَانَ رَسُولُ اللَّهِ صلى الله عليه وسلم يَجْمَعُ بَيْنَ صَلاَةِ الظُّهْرِ وَالْعَصْرِ إِذَا كَانَ عَلَى ظَهْرِ سَيْرٍ، وَيَجْمَعُ بَيْنَ الْمَغْرِبِ وَالْعِشَاءِ‏.‏,,Sahih-Authentic,صحيح
Bukhari,18.0,Shortening the Prayers (At-Taqseer),كتاب التقصير,13.0," To offer Maghrib and ""Isha"" prayers together on a journey",الْجَمْعِ فِي السَّفَرِ بَيْنَ الْمَغْرِبِ وَالْعِشَاءِ,1108.0,Narrated Anas: Allah's Messenger (ﷺ) used to offer these two prayers together on journeys i.e. the Maghrib and the `Isha'.,Narrated Anas:,Allah's Messenger (ﷺ) used to offer these two prayers together on journeys i.e. the Maghrib and the `Isha'.,وَعَنْ حُسَيْنٍ، عَنْ يَحْيَى بْنِ أَبِي كَثِيرٍ، عَنْ حَفْصِ بْنِ عُبَيْدِ اللَّهِ بْنِ أَنَسٍ، عَنْ أَنَسِ بْنِ مَالِكٍ ـ رضى الله عنه ـ قَالَ كَانَ النَّبِيُّ صلى الله عليه وسلم يَجْمَعُ بَيْنَ صَلاَةِ الْمَغْرِبِ وَالْعِشَاءِ فِي السَّفَرِ‏.‏,وَعَنْ حُسَيْنٍ، عَنْ يَحْيَى بْنِ أَبِي كَثِيرٍ، عَنْ حَفْصِ بْنِ عُبَيْدِ اللَّهِ بْنِ أَنَسٍ، عَنْ أَنَسِ بْنِ مَالِكٍ ـ رضى الله عنه ـ قَالَ,كَانَ النَّبِيُّ صلى الله عليه وسلم يَجْمَعُ بَيْنَ صَلاَةِ الْمَغْرِبِ وَالْعِشَاءِ فِي السَّفَرِ‏.‏,وَتَابَعَهُ عَلِيُّ بْنُ الْمُبَارَكِ وَحَرْبٌ عَنْ يَحْيَى عَنْ حَفْصٍ عَنْ أَنَسٍ جَمَعَ النَّبِيُّ صلى الله عليه وسلم‏.‏,Sahih-Authentic,صحيح
Bukhari,18.0,Shortening the Prayers (At-Taqseer),كتاب التقصير,14.0,Should the Adhan and Iqama be pronounced when the Maghrib and Isha prayers are offered together,هَلْ يُؤَذِّنُ أَوْ يُقِيمُ إِذَا جَمَعَ بَيْنَ الْمَغْرِبِ وَالْعِشَاءِ,1109.0,"Narrated Az-Zuhri: Salim told me, ""`Abdullah bin `Umar said, 'I saw Allah's Messenger (ﷺ) delaying the Maghrib prayer till heoffered it along with the `Isha prayer whenever he was in a hurry during the journey.' "" Salim said,""Abdullah bin `Umar used to do the same whenever he was in a hurry during the journey. Aftermaking the call for Iqama, for the Maghrib prayer he used to offer three rak`at and then performTaslim. After waiting for a short while, he would pronounce the Iqama for the `Isha' prayer and offertwo rak`at and perform Taslim. He never prayed any Nawafil in between the two prayers or after the`Isha' prayers till he got up in the middle of the night (for Tahajjud prayer).""",Narrated Az-Zuhri:,"Salim told me, ""`Abdullah bin `Umar said, 'I saw Allah's Messenger (ﷺ) delaying the Maghrib prayer till heoffered it along with the `Isha prayer whenever he was in a hurry during the journey.' "" Salim said,""Abdullah bin `Umar used to do the same whenever he was in a hurry during the journey. Aftermaking the call for Iqama, for the Maghrib prayer he used to offer three rak`at and then performTaslim. After waiting for a short while, he would pronounce the Iqama for the `Isha' prayer and offertwo rak`at and perform Taslim. He never prayed any Nawafil in between the two prayers or after the`Isha' prayers till he got up in the middle of the night (for Tahajjud prayer).""",حَدَّثَنَا أَبُو الْيَمَانِ، قَالَ أَخْبَرَنَا شُعَيْبٌ، عَنِ الزُّهْرِيِّ، قَالَ أَخْبَرَنِي سَالِمٌ، عَنْ عَبْدِ اللَّهِ بْنِ عُمَرَ ـ رضى الله عنهما ـ قَالَ رَأَيْتُ رَسُولَ اللَّهِ صلى الله عليه وسلم إِذَا أَعْجَلَهُ السَّيْرُ فِي السَّفَرِ يُؤَخِّرُ صَلاَةَ الْمَغْرِبِ، حَتَّى يَجْمَعَ بَيْنَهَا وَبَيْنَ الْعِشَاءِ‏.‏ قَالَ سَالِمٌ وَكَانَ عَبْدُ اللَّهِ يَفْعَلُهُ إِذَا أَعْجَلَهُ السَّيْرُ، وَيُقِيمُ الْمَغْرِبَ فَيُصَلِّيهَا ثَلاَثًا، ثُمَّ يُسَلِّمُ، ثُمَّ قَلَّمَا يَلْبَثُ حَتَّى يُقِيمَ الْعِشَاءَ، فَيُصَلِّيهَا رَكْعَتَيْنِ، ثُمَّ يُسَلِّمُ وَلاَ يُسَبِّحُ بَيْنَهَا بِرَكْعَةٍ، وَلاَ بَعْدَ الْعِشَاءِ بِسَجْدَةٍ حَتَّى يَقُومَ مِنْ جَوْفِ اللَّيْلِ‏.‏,حَدَّثَنَا أَبُو الْيَمَانِ، قَالَ أَخْبَرَنَا شُعَيْبٌ، عَنِ الزُّهْرِيِّ، قَالَ أَخْبَرَنِي سَالِمٌ، عَنْ عَبْدِ اللَّهِ بْنِ عُمَرَ ـ رضى الله عنهما ـ قَالَ,رَأَيْتُ رَسُولَ اللَّهِ صلى الله عليه وسلم إِذَا أَعْجَلَهُ السَّيْرُ فِي السَّفَرِ يُؤَخِّرُ صَلاَةَ الْمَغْرِبِ، حَتَّى يَجْمَعَ بَيْنَهَا وَبَيْنَ الْعِشَاءِ‏.‏ قَالَ سَالِمٌ وَكَانَ عَبْدُ اللَّهِ يَفْعَلُهُ إِذَا أَعْجَلَهُ السَّيْرُ، وَيُقِيمُ الْمَغْرِبَ فَيُصَلِّيهَا ثَلاَثًا، ثُمَّ يُسَلِّمُ، ثُمَّ قَلَّمَا يَلْبَثُ حَتَّى يُقِيمَ الْعِشَاءَ، فَيُصَلِّيهَا رَكْعَتَيْنِ، ثُمَّ يُسَلِّمُ وَلاَ يُسَبِّحُ بَيْنَهَا بِرَكْعَةٍ، وَلاَ بَعْدَ الْعِشَاءِ بِسَجْدَةٍ حَتَّى يَقُومَ مِنْ جَوْفِ اللَّيْلِ‏.‏,,Sahih-Authentic,صحيح
Bukhari,18.0,Shortening the Prayers (At-Taqseer),كتاب التقصير,14.0,Should the Adhan and Iqama be pronounced when the Maghrib and Isha prayers are offered together,هَلْ يُؤَذِّنُ أَوْ يُقِيمُ إِذَا جَمَعَ بَيْنَ الْمَغْرِبِ وَالْعِشَاءِ,1110.0,"Narrated Anas bin Malik: Whenever the Prophet (ﷺ) started a journey before noon, he used to delay the Zuhr prayer till the time of`Asr and then offer them together; and if the sun declined (at noon) he used to offer the Zuhr prayerand then ride (for the journey).",Narrated Anas bin Malik:,"Whenever the Prophet (ﷺ) started a journey before noon, he used to delay the Zuhr prayer till the time of`Asr and then offer them together; and if the sun declined (at noon) he used to offer the Zuhr prayerand then ride (for the journey).",حَدَّثَنَا إِسْحَاقُ، حَدَّثَنَا عَبْدُ الصَّمَدِ، حَدَّثَنَا حَرْبٌ، حَدَّثَنَا يَحْيَى، قَالَ حَدَّثَنِي حَفْصُ بْنُ عُبَيْدِ اللَّهِ بْنِ أَنَسٍ، أَنَّ أَنَسًا ـ رضى الله عنه ـ حَدَّثَهُ أَنَّ رَسُولَ اللَّهِ صلى الله عليه وسلم كَانَ يَجْمَعُ بَيْنَ هَاتَيْنِ الصَّلاَتَيْنِ فِي السَّفَرِ‏.‏ يَعْنِي الْمَغْرِبَ وَالْعِشَاءَ‏.‏,حَدَّثَنَا إِسْحَاقُ، حَدَّثَنَا عَبْدُ الصَّمَدِ، حَدَّثَنَا حَرْبٌ، حَدَّثَنَا يَحْيَى، قَالَ حَدَّثَنِي حَفْصُ بْنُ عُبَيْدِ اللَّهِ بْنِ أَنَسٍ، أَنَّ أَنَسًا ـ رضى الله عنه ـ حَدَّثَهُ,أَنَّ رَسُولَ اللَّهِ صلى الله عليه وسلم كَانَ يَجْمَعُ بَيْنَ هَاتَيْنِ الصَّلاَتَيْنِ فِي السَّفَرِ‏.‏ يَعْنِي الْمَغْرِبَ وَالْعِشَاءَ‏.‏,,Sahih-Authentic,صحيح
Bukhari,18.0,Shortening the Prayers (At-Taqseer),كتاب التقصير,15.0,To delay the Salat-uz-Zuhr till the Asr prayers,يُؤَخِّرُ الظُّهْرَ إِلَى الْعَصْرِ إِذَا ارْتَحَلَ قَبْلَ أَنْ تَزِيغَ الشَّمْسُ,1111.0,"Narrated Anas bin Malik: Whenever the Prophet (ﷺ) started the journey before noon, he used to delay the Zuhr prayer till the timefor the `Asr prayer and then he would dismount and pray them together; and whenever the sundeclined before he started the journey he used to offer the Zuhr prayer and then ride (for the journey).",Narrated Anas bin Malik:,"Whenever the Prophet (ﷺ) started the journey before noon, he used to delay the Zuhr prayer till the timefor the `Asr prayer and then he would dismount and pray them together; and whenever the sundeclined before he started the journey he used to offer the Zuhr prayer and then ride (for the journey).",حَدَّثَنَا حَسَّانُ الْوَاسِطِيُّ، قَالَ حَدَّثَنَا الْمُفَضَّلُ بْنُ فَضَالَةَ، عَنْ عُقَيْلٍ، عَنِ ابْنِ شِهَابٍ، عَنْ أَنَسِ بْنِ مَالِكٍ ـ رضى الله عنه ـ قَالَ كَانَ النَّبِيُّ صلى الله عليه وسلم إِذَا ارْتَحَلَ قَبْلَ أَنْ تَزِيغَ الشَّمْسُ أَخَّرَ الظُّهْرَ إِلَى وَقْتِ الْعَصْرِ، ثُمَّ يَجْمَعُ بَيْنَهُمَا، وَإِذَا زَاغَتْ صَلَّى الظُّهْرَ ثُمَّ رَكِبَ‏.‏,حَدَّثَنَا حَسَّانُ الْوَاسِطِيُّ، قَالَ حَدَّثَنَا الْمُفَضَّلُ بْنُ فَضَالَةَ، عَنْ عُقَيْلٍ، عَنِ ابْنِ شِهَابٍ، عَنْ أَنَسِ بْنِ مَالِكٍ ـ رضى الله عنه ـ قَالَ,كَانَ النَّبِيُّ صلى الله عليه وسلم إِذَا ارْتَحَلَ قَبْلَ أَنْ تَزِيغَ الشَّمْسُ أَخَّرَ الظُّهْرَ إِلَى وَقْتِ الْعَصْرِ، ثُمَّ يَجْمَعُ بَيْنَهُمَا، وَإِذَا زَاغَتْ صَلَّى الظُّهْرَ ثُمَّ رَكِبَ‏.‏,,Sahih-Authentic,صحيح
Bukhari,18.0,Shortening the Prayers (At-Taqseer),كتاب التقصير,16.0," Whenever a person travels after midday, he should offer the Zuhr prayers and the ride for the journey",إِذَا ارْتَحَلَ بَعْدَ مَا زَاغَتِ الشَّمْسُ صَلَّى الظُّهْرَ ثُمَّ رَكِبَ,1112.0,"Narrated Anas bin Malik: Whenever the Prophet (ﷺ) started on a journey before noon, he used to delay the Zuhr prayers till the time for the 'Asr prayer and then he would dismount and offer them together; and whenever the sun declined before he started on a journey he used to offer the Zuhr prayers and then ride (for journey).",Narrated Anas bin Malik:,"Whenever the Prophet (ﷺ) started on a journey before noon, he used to delay the Zuhr prayers till the time for the 'Asr prayer and then he would dismount and offer them together; and whenever the sun declined before he started on a journey he used to offer the Zuhr prayers and then ride (for journey).",حَدَّثَنَا قُتَيْبَةُ، قَالَ حَدَّثَنَا الْمُفَضَّلُ بْنُ فَضَالَةَ، عَنْ عُقَيْلٍ، عَنِ ابْنِ شِهَابٍ، عَنْ أَنَسِ بْنِ مَالِكٍ، قَالَ كَانَ رَسُولُ اللَّهِ صلى الله عليه وسلم إِذَا ارْتَحَلَ قَبْلَ أَنْ تَزِيغَ الشَّمْسُ أَخَّرَ الظُّهْرَ إِلَى وَقْتِ الْعَصْرِ، ثُمَّ نَزَلَ فَجَمَعَ بَيْنَهُمَا، فَإِنْ زَاغَتِ الشَّمْسُ قَبْلَ أَنْ يَرْتَحِلَ صَلَّى الظُّهْرَ ثُمَّ رَكِبَ‏.‏,حَدَّثَنَا قُتَيْبَةُ، قَالَ حَدَّثَنَا الْمُفَضَّلُ بْنُ فَضَالَةَ، عَنْ عُقَيْلٍ، عَنِ ابْنِ شِهَابٍ، عَنْ أَنَسِ بْنِ مَالِكٍ، قَالَ,كَانَ رَسُولُ اللَّهِ صلى الله عليه وسلم إِذَا ارْتَحَلَ قَبْلَ أَنْ تَزِيغَ الشَّمْسُ أَخَّرَ الظُّهْرَ إِلَى وَقْتِ الْعَصْرِ، ثُمَّ نَزَلَ فَجَمَعَ بَيْنَهُمَا، فَإِنْ زَاغَتِ الشَّمْسُ قَبْلَ أَنْ يَرْتَحِلَ صَلَّى الظُّهْرَ ثُمَّ رَكِبَ‏.‏,,Sahih-Authentic,صحيح
Bukhari,18.0,Shortening the Prayers (At-Taqseer),كتاب التقصير,17.0,To offer Salat (prayers) while sitting,صَلاَةِ الْقَاعِدِ,1113.0,"Narrated `Aisha: Allah's Messenger (ﷺ) prayed in his house while sitting during his illness and the people prayed behind himstanding and he pointed to them to sit down. When he had finished the prayer, he said, ""The Imam isto be followed and so when he bows you should bow; and when he lifts his head you should also dothe same.""",Narrated `Aisha:,"Allah's Messenger (ﷺ) prayed in his house while sitting during his illness and the people prayed behind himstanding and he pointed to them to sit down. When he had finished the prayer, he said, ""The Imam isto be followed and so when he bows you should bow; and when he lifts his head you should also dothe same.""",حَدَّثَنَا قُتَيْبَةُ بْنُ سَعِيدٍ، عَنْ مَالِكٍ، عَنْ هِشَامِ بْنِ عُرْوَةَ، عَنْ أَبِيهِ، عَنْ عَائِشَةَ ـ رضى الله عنها ـ أَنَّهَا قَالَتْ صَلَّى رَسُولُ اللَّهِ صلى الله عليه وسلم فِي بَيْتِهِ وَهْوَ شَاكٍ، فَصَلَّى جَالِسًا وَصَلَّى وَرَاءَهُ قَوْمٌ قِيَامًا، فَأَشَارَ إِلَيْهِمْ أَنِ اجْلِسُوا، فَلَمَّا انْصَرَفَ قَالَ ‏ ‏ إِنَّمَا جُعِلَ الإِمَامُ لِيُؤْتَمَّ بِهِ، فَإِذَا رَكَعَ فَارْكَعُوا، وَإِذَا رَفَعَ فَارْفَعُوا ‏‏‏.‏,حَدَّثَنَا قُتَيْبَةُ بْنُ سَعِيدٍ، عَنْ مَالِكٍ، عَنْ هِشَامِ بْنِ عُرْوَةَ، عَنْ أَبِيهِ، عَنْ عَائِشَةَ ـ رضى الله عنها ـ أَنَّهَا قَالَتْ,صَلَّى رَسُولُ اللَّهِ صلى الله عليه وسلم فِي بَيْتِهِ وَهْوَ شَاكٍ، فَصَلَّى جَالِسًا وَصَلَّى وَرَاءَهُ قَوْمٌ قِيَامًا، فَأَشَارَ إِلَيْهِمْ أَنِ اجْلِسُوا، فَلَمَّا انْصَرَفَ قَالَ ‏ ‏ إِنَّمَا جُعِلَ الإِمَامُ لِيُؤْتَمَّ بِهِ، فَإِذَا رَكَعَ فَارْكَعُوا، وَإِذَا رَفَعَ فَارْفَعُوا ‏‏‏.‏,,Sahih-Authentic,صحيح
Bukhari,18.0,Shortening the Prayers (At-Taqseer),كتاب التقصير,17.0,To offer Salat (prayers) while sitting,صَلاَةِ الْقَاعِدِ,1114.0,"Narrated Anas bin Malik: Allah's Messenger (ﷺ) (p.b.u.h) fell down from a horse and his right side was either injured or scratched, sowe went to inquire about his health. The time for the prayer became due and he offered the prayerwhile sitting and we prayed while standing. He said, ""The Imam is to be followed; so if he saysTakbir, you should also say Takbir, and if he bows you should also bow; and when he lifts his headyou should also do the same and if he says: Sami`a l-lahu liman hamidah (Allah hears whoever sendshis praises to Him) you should say: Rabbana walakal-Hamd (O our Lord! All the praises are forYou."")",Narrated Anas bin Malik:,"Allah's Messenger (ﷺ) (p.b.u.h) fell down from a horse and his right side was either injured or scratched, sowe went to inquire about his health. The time for the prayer became due and he offered the prayerwhile sitting and we prayed while standing. He said, ""The Imam is to be followed; so if he saysTakbir, you should also say Takbir, and if he bows you should also bow; and when he lifts his headyou should also do the same and if he says: Sami`a l-lahu liman hamidah (Allah hears whoever sendshis praises to Him) you should say: Rabbana walakal-Hamd (O our Lord! All the praises are forYou."")",حَدَّثَنَا أَبُو نُعَيْمٍ، قَالَ حَدَّثَنَا ابْنُ عُيَيْنَةَ، عَنِ الزُّهْرِيِّ، عَنْ أَنَسٍ ـ رضى الله عنه ـ قَالَ سَقَطَ رَسُولُ اللَّهِ صلى الله عليه وسلم مِنْ فَرَسٍ فَخُدِشَ ـ أَوْ فَجُحِشَ ـ شِقُّهُ الأَيْمَنُ، فَدَخَلْنَا عَلَيْهِ نَعُودُهُ، فَحَضَرَتِ الصَّلاَةُ فَصَلَّى قَاعِدًا فَصَلَّيْنَا قُعُودًا وَقَالَ ‏ ‏ إِنَّمَا جُعِلَ الإِمَامُ لِيُؤْتَمَّ بِهِ، فَإِذَا كَبَّرَ فَكَبِّرُوا وَإِذَا رَكَعَ فَارْكَعُوا، وَإِذَا رَفَعَ فَارْفَعُوا، وَإِذَا قَالَ سَمِعَ اللَّهُ لِمَنْ حَمِدَهُ‏.‏ فَقُولُوا رَبَّنَا وَلَكَ الْحَمْدُ ‏‏‏.‏,حَدَّثَنَا أَبُو نُعَيْمٍ، قَالَ حَدَّثَنَا ابْنُ عُيَيْنَةَ، عَنِ الزُّهْرِيِّ، عَنْ أَنَسٍ ـ رضى الله عنه ـ قَالَ,سَقَطَ رَسُولُ اللَّهِ صلى الله عليه وسلم مِنْ فَرَسٍ فَخُدِشَ ـ أَوْ فَجُحِشَ ـ شِقُّهُ الأَيْمَنُ، فَدَخَلْنَا عَلَيْهِ نَعُودُهُ، فَحَضَرَتِ الصَّلاَةُ فَصَلَّى قَاعِدًا فَصَلَّيْنَا قُعُودًا وَقَالَ ‏ ‏ إِنَّمَا جُعِلَ الإِمَامُ لِيُؤْتَمَّ بِهِ، فَإِذَا كَبَّرَ فَكَبِّرُوا وَإِذَا رَكَعَ فَارْكَعُوا، وَإِذَا رَفَعَ فَارْفَعُوا، وَإِذَا قَالَ سَمِعَ اللَّهُ لِمَنْ حَمِدَهُ‏.‏ فَقُولُوا رَبَّنَا وَلَكَ الْحَمْدُ ‏‏‏.‏,,Sahih-Authentic,صحيح
Bukhari,18.0,Shortening the Prayers (At-Taqseer),كتاب التقصير,17.0,To offer Salat (prayers) while sitting,صَلاَةِ الْقَاعِدِ,1115.0,"Narrated `Imran bin Husain: (who had piles) I asked Allah's Messenger (ﷺ) about the praying of a man while sitting. He said, ""If he prayswhile standing it is better and he who prays while sitting gets half the reward of that who praysstanding; and whoever prays while Lying gets half the reward of that who prays while sitting.""",Narrated `Imran bin Husain:,"(who had piles) I asked Allah's Messenger (ﷺ) about the praying of a man while sitting. He said, ""If he prayswhile standing it is better and he who prays while sitting gets half the reward of that who praysstanding; and whoever prays while Lying gets half the reward of that who prays while sitting.""",حَدَّثَنَا إِسْحَاقُ بْنُ مَنْصُورٍ، قَالَ أَخْبَرَنَا رَوْحُ بْنُ عُبَادَةَ، أَخْبَرَنَا حُسَيْنٌ، عَنْ عَبْدِ اللَّهِ بْنِ بُرَيْدَةَ، عَنْ عِمْرَانَ بْنِ حُصَيْنٍ ـ رضى الله عنه ـ أَنَّهُ سَأَلَ نَبِيَّ اللَّهِ صلى الله عليه وسلم‏.‏ أَخْبَرَنَا إِسْحَاقُ قَالَ أَخْبَرَنَا عَبْدُ الصَّمَدِ قَالَ سَمِعْتُ أَبِي قَالَ حَدَّثَنَا الْحُسَيْنُ عَنِ ابْنِ بُرَيْدَةَ قَالَ حَدَّثَنِي عِمْرَانُ بْنُ حُصَيْنٍ ـ وَكَانَ مَبْسُورًا ـ قَالَ سَأَلْتُ رَسُولَ اللَّهِ صلى الله عليه وسلم عَنْ صَلاَةِ الرَّجُلِ قَاعِدًا فَقَالَ ‏ ‏ إِنْ صَلَّى قَائِمًا فَهْوَ أَفْضَلُ، وَمَنْ صَلَّى قَاعِدًا فَلَهُ نِصْفُ أَجْرِ الْقَائِمِ، وَمَنْ صَلَّى نَائِمًا فَلَهُ نِصْفُ أَجْرِ الْقَاعِدِ ‏‏‏.‏,حَدَّثَنَا إِسْحَاقُ بْنُ مَنْصُورٍ، قَالَ أَخْبَرَنَا رَوْحُ بْنُ عُبَادَةَ، أَخْبَرَنَا حُسَيْنٌ، عَنْ عَبْدِ اللَّهِ بْنِ بُرَيْدَةَ، عَنْ عِمْرَانَ بْنِ حُصَيْنٍ ـ رضى الله عنه ـ أَنَّهُ سَأَلَ نَبِيَّ اللَّهِ صلى الله عليه وسلم‏.‏ أَخْبَرَنَا إِسْحَاقُ قَالَ أَخْبَرَنَا عَبْدُ الصَّمَدِ قَالَ سَمِعْتُ أَبِي قَالَ حَدَّثَنَا الْحُسَيْنُ عَنِ ابْنِ بُرَيْدَةَ قَالَ حَدَّثَنِي عِمْرَانُ بْنُ حُصَيْنٍ ـ وَكَانَ مَبْسُورًا ـ قَالَ,سَأَلْتُ رَسُولَ اللَّهِ صلى الله عليه وسلم عَنْ صَلاَةِ الرَّجُلِ قَاعِدًا فَقَالَ ‏ ‏ إِنْ صَلَّى قَائِمًا فَهْوَ أَفْضَلُ، وَمَنْ صَلَّى قَاعِدًا فَلَهُ نِصْفُ أَجْرِ الْقَائِمِ، وَمَنْ صَلَّى نَائِمًا فَلَهُ نِصْفُ أَجْرِ الْقَاعِدِ ‏‏‏.‏,,Sahih-Authentic,صحيح
Bukhari,18.0,Shortening the Prayers (At-Taqseer),كتاب التقصير,18.0,To offer Salat (prayers) by signs while sitting,صَلاَةِ الْقَاعِدِ بِالإِيمَاءِ,1116.0,"Narrated `Abdullah bin Buraida: `Imran bin Husain had piles. Once Abu Ma mar narrated from `Imran bin Husain had said, ""I askedthe Prophet (p.b.u.h) about the prayer of a person while sitting. He said, 'It is better for one to praystanding; and whoever prays sitting gets half the reward of that who prays while standing; andwhoever prays while Lying gets half the reward of that who prays while sitting.' """,Narrated `Abdullah bin Buraida:,"`Imran bin Husain had piles. Once Abu Ma mar narrated from `Imran bin Husain had said, ""I askedthe Prophet (p.b.u.h) about the prayer of a person while sitting. He said, 'It is better for one to praystanding; and whoever prays sitting gets half the reward of that who prays while standing; andwhoever prays while Lying gets half the reward of that who prays while sitting.' """,حَدَّثَنَا أَبُو مَعْمَرٍ، قَالَ حَدَّثَنَا عَبْدُ الْوَارِثِ، قَالَ حَدَّثَنَا حُسَيْنٌ الْمُعَلِّمُ، عَنْ عَبْدِ اللَّهِ بْنِ بُرَيْدَةَ، أَنَّ عِمْرَانَ بْنَ حُصَيْنٍ ـ وَكَانَ رَجُلاً مَبْسُورًا ـ وَقَالَ أَبُو مَعْمَرٍ مَرَّةً عَنْ عِمْرَانَ، قَالَ سَأَلْتُ النَّبِيَّ صلى الله عليه وسلم عَنْ صَلاَةِ الرَّجُلِ وَهْوَ قَاعِدٌ فَقَالَ ‏ ‏ مَنْ صَلَّى قَائِمًا فَهْوَ أَفْضَلُ، وَمَنْ صَلَّى قَاعِدًا فَلَهُ نِصْفُ أَجْرِ الْقَائِمِ، وَمَنْ صَلَّى نَائِمًا فَلَهُ نِصْفُ أَجْرِ الْقَاعِدِ ‏‏‏.‏ قَالَ أَبُو عَبْدِ اللَّهِ نَائِمًا عِنْدِي مُضْطَجِعًا هَا هُنَا‏.‏,حَدَّثَنَا أَبُو مَعْمَرٍ، قَالَ حَدَّثَنَا عَبْدُ الْوَارِثِ، قَالَ حَدَّثَنَا حُسَيْنٌ الْمُعَلِّمُ، عَنْ عَبْدِ اللَّهِ بْنِ بُرَيْدَةَ، أَنَّ عِمْرَانَ بْنَ حُصَيْنٍ ـ وَكَانَ رَجُلاً مَبْسُورًا ـ وَقَالَ أَبُو مَعْمَرٍ مَرَّةً عَنْ عِمْرَانَ، قَالَ,سَأَلْتُ النَّبِيَّ صلى الله عليه وسلم عَنْ صَلاَةِ الرَّجُلِ وَهْوَ قَاعِدٌ فَقَالَ ‏ ‏ مَنْ صَلَّى قَائِمًا فَهْوَ أَفْضَلُ، وَمَنْ صَلَّى قَاعِدًا فَلَهُ نِصْفُ أَجْرِ الْقَائِمِ، وَمَنْ صَلَّى نَائِمًا فَلَهُ نِصْفُ أَجْرِ الْقَاعِدِ ‏‏‏.‏ قَالَ أَبُو عَبْدِ اللَّهِ نَائِمًا عِنْدِي مُضْطَجِعًا هَا هُنَا‏.‏,,Sahih-Authentic,صحيح
Bukhari,18.0,Shortening the Prayers (At-Taqseer),كتاب التقصير,19.0," Whoever cannot offer Salat while sitting, can offer Salat while lying on his side",إِذَا لَمْ يُطِقْ قَاعِدًا صَلَّى عَلَى جَنْبٍ,1117.0,"Narrated `Imran bin Husain: had piles, so I asked the Prophet (ﷺ) about the prayer. He said, ""Pray while standing and if you can't, praywhile sitting and if you cannot do even that, then pray Lying on your side.""",Narrated `Imran bin Husain:,"had piles, so I asked the Prophet (ﷺ) about the prayer. He said, ""Pray while standing and if you can't, praywhile sitting and if you cannot do even that, then pray Lying on your side.""",حَدَّثَنَا عَبْدَانُ، عَنْ عَبْدِ اللَّهِ، عَنْ إِبْرَاهِيمَ بْنِ طَهْمَانَ، قَالَ حَدَّثَنِي الْحُسَيْنُ الْمُكْتِبُ، عَنِ ابْنِ بُرَيْدَةَ، عَنْ عِمْرَانَ بْنِ حُصَيْنٍ ـ رضى الله عنه ـ قَالَ كَانَتْ بِي بَوَاسِيرُ فَسَأَلْتُ النَّبِيَّ صلى الله عليه وسلم عَنِ الصَّلاَةِ فَقَالَ ‏ ‏ صَلِّ قَائِمًا، فَإِنْ لَمْ تَسْتَطِعْ فَقَاعِدًا، فَإِنْ لَمْ تَسْتَطِعْ فَعَلَى جَنْبٍ ‏‏‏.‏,حَدَّثَنَا عَبْدَانُ، عَنْ عَبْدِ اللَّهِ، عَنْ إِبْرَاهِيمَ بْنِ طَهْمَانَ، قَالَ حَدَّثَنِي الْحُسَيْنُ الْمُكْتِبُ، عَنِ ابْنِ بُرَيْدَةَ، عَنْ عِمْرَانَ بْنِ حُصَيْنٍ ـ رضى الله عنه ـ قَالَ,كَانَتْ بِي بَوَاسِيرُ فَسَأَلْتُ النَّبِيَّ صلى الله عليه وسلم عَنِ الصَّلاَةِ فَقَالَ ‏ ‏ صَلِّ قَائِمًا، فَإِنْ لَمْ تَسْتَطِعْ فَقَاعِدًا، فَإِنْ لَمْ تَسْتَطِعْ فَعَلَى جَنْبٍ ‏‏‏.‏,,Sahih-Authentic,صحيح
Bukhari,18.0,Shortening the Prayers (At-Taqseer),كتاب التقصير,20.0," Whoever starts his Salat sitting (because of ailment) and then during the Salat (prayer) feels better, can finish the rest while standing",إِذَا صَلَّى قَاعِدًا ثُمَّ صَحَّ أَوْ وَجَدَ خِفَّةً تَمَّمَ مَا بَقِيَ,1118.0,Narrated Aisha: (the mother of the faithful believers) I never saw Allah's Messenger (ﷺ) offering the night prayer whilesitting except in his old age and then he used to recite while sitting and whenever he wanted to bow hewould get up and recite thirty or forty verses (while standing) and then bow.,Narrated Aisha:,(the mother of the faithful believers) I never saw Allah's Messenger (ﷺ) offering the night prayer whilesitting except in his old age and then he used to recite while sitting and whenever he wanted to bow hewould get up and recite thirty or forty verses (while standing) and then bow.,حَدَّثَنَا عَبْدُاللَّهِ بْنُ يُوسُفَ، قَالَ أَخْبَرَنَا مَالِكٌ، عَنْ هِشَامِ بْنِ عُرْوَةَ، عَنْ أَبِيهِ، عَنْ عَائِشَةَ ـ رضى الله عنها ـ أُمِّ الْمُؤْمِنِينَ أَنَّهَا أَخْبَرَتْهُ أَنَّهَا لَمْ تَرَ رَسُولَ اللَّهِ صلى الله عليه وسلم يُصَلِّي صَلاَةَ اللَّيْلِ قَاعِدًا قَطُّ حَتَّى أَسَنَّ، فَكَانَ يَقْرَأُ قَاعِدًا حَتَّى إِذَا أَرَادَ أَنْ يَرْكَعَ قَامَ، فَقَرَأَ نَحْوًا مِنْ ثَلاَثِينَ آيَةً أَوْ أَرْبَعِينَ آيَةً، ثُمَّ رَكَعَ‏.‏,حَدَّثَنَا عَبْدُاللَّهِ بْنُ يُوسُفَ، قَالَ أَخْبَرَنَا مَالِكٌ، عَنْ هِشَامِ بْنِ عُرْوَةَ، عَنْ أَبِيهِ، عَنْ عَائِشَةَ ـ رضى الله عنها ـ أُمِّ الْمُؤْمِنِينَ أَنَّهَا أَخْبَرَتْهُ,أَنَّهَا لَمْ تَرَ رَسُولَ اللَّهِ صلى الله عليه وسلم يُصَلِّي صَلاَةَ اللَّيْلِ قَاعِدًا قَطُّ حَتَّى أَسَنَّ، فَكَانَ يَقْرَأُ قَاعِدًا حَتَّى إِذَا أَرَادَ أَنْ يَرْكَعَ قَامَ، فَقَرَأَ نَحْوًا مِنْ ثَلاَثِينَ آيَةً أَوْ أَرْبَعِينَ آيَةً، ثُمَّ رَكَعَ‏.‏,,Sahih-Authentic,صحيح
Bukhari,18.0,Shortening the Prayers (At-Taqseer),كتاب التقصير,20.0," Whoever starts his Salat sitting (because of ailment) and then during the Salat (prayer) feels better, can finish the rest while standing",إِذَا صَلَّى قَاعِدًا ثُمَّ صَحَّ أَوْ وَجَدَ خِفَّةً تَمَّمَ مَا بَقِيَ,1119.0,"Narrated `Aisha: (the mother of the faithful believers) Allah's Messenger (ﷺ) (in his last days) used to pray sitting. He wouldrecite while sitting, and when thirty or forty verses remained from the recitation he would get up andrecite them while standing and then he would bow and prostrate. He used to do the same in the secondrak`a. After finishing the Prayer he used to look at me and if I was awake he would talk to me and if Iwas asleep, he would lie down.",Narrated `Aisha:,"(the mother of the faithful believers) Allah's Messenger (ﷺ) (in his last days) used to pray sitting. He wouldrecite while sitting, and when thirty or forty verses remained from the recitation he would get up andrecite them while standing and then he would bow and prostrate. He used to do the same in the secondrak`a. After finishing the Prayer he used to look at me and if I was awake he would talk to me and if Iwas asleep, he would lie down.",حَدَّثَنَا عَبْدُ اللَّهِ بْنُ يُوسُفَ، قَالَ أَخْبَرَنَا مَالِكٌ، عَنْ عَبْدِ اللَّهِ بْنِ يَزِيدَ، وَأَبِي النَّضْرِ، مَوْلَى عُمَرَ بْنِ عُبَيْدِ اللَّهِ عَنْ أَبِي سَلَمَةَ بْنِ عَبْدِ الرَّحْمَنِ، عَنْ عَائِشَةَ أُمِّ الْمُؤْمِنِينَ ـ رضى الله عنها ـ أَنَّ رَسُولَ اللَّهِ صلى الله عليه وسلم كَانَ يُصَلِّي جَالِسًا فَيَقْرَأُ وَهْوَ جَالِسٌ، فَإِذَا بَقِيَ مِنْ قِرَاءَتِهِ نَحْوٌ مِنْ ثَلاَثِينَ أَوْ أَرْبَعِينَ آيَةً قَامَ فَقَرَأَهَا وَهْوَ قَائِمٌ، ثُمَّ يَرْكَعُ ثُمَّ يَسْجُدُ، يَفْعَلُ فِي الرَّكْعَةِ الثَّانِيَةِ مِثْلَ ذَلِكَ، فَإِذَا قَضَى صَلاَتَهُ نَظَرَ، فَإِنْ كُنْتُ يَقْظَى تَحَدَّثَ مَعِي، وَإِنْ كُنْتُ نَائِمَةً اضْطَجَعَ‏.‏,حَدَّثَنَا عَبْدُ اللَّهِ بْنُ يُوسُفَ، قَالَ أَخْبَرَنَا مَالِكٌ، عَنْ عَبْدِ اللَّهِ بْنِ يَزِيدَ، وَأَبِي النَّضْرِ، مَوْلَى عُمَرَ بْنِ عُبَيْدِ اللَّهِ عَنْ أَبِي سَلَمَةَ بْنِ عَبْدِ الرَّحْمَنِ، عَنْ عَائِشَةَ أُمِّ الْمُؤْمِنِينَ ـ رضى الله عنها ـ,أَنَّ رَسُولَ اللَّهِ صلى الله عليه وسلم كَانَ يُصَلِّي جَالِسًا فَيَقْرَأُ وَهْوَ جَالِسٌ، فَإِذَا بَقِيَ مِنْ قِرَاءَتِهِ نَحْوٌ مِنْ ثَلاَثِينَ أَوْ أَرْبَعِينَ آيَةً قَامَ فَقَرَأَهَا وَهْوَ قَائِمٌ، ثُمَّ يَرْكَعُ ثُمَّ يَسْجُدُ، يَفْعَلُ فِي الرَّكْعَةِ الثَّانِيَةِ مِثْلَ ذَلِكَ، فَإِذَا قَضَى صَلاَتَهُ نَظَرَ، فَإِنْ كُنْتُ يَقْظَى تَحَدَّثَ مَعِي، وَإِنْ كُنْتُ نَائِمَةً اضْطَجَعَ‏.‏,,Sahih-Authentic,صحيح
