Book_Name,Chapter_Number,Chapter_English,Chapter_Arabic,Section_Number,Section_English,Section_Arabic,Hadith_number,English_Hadith,English_Isnad,English_Matn,Arabic_Hadith,Arabic_Isnad,Arabic_Matn,Arabic_Comment,English_Grade,Arabic_Grade
AbuDaud,7,Prayer (Kitab Al-Salat): Prostration while reciting the Qur'an,كتاب سجود القرآن,479, How Many Places Are There In The Qur'an Where Prostration Is Required,باب تَفْرِيعِ أَبْوَابِ السُّجُودِ وَكَمْ سَجْدَةٍ فِي الْقُرْآنِ,1267,"Narrated Amr ibn al-'As: The Prophet (ﷺ) taught me fifteen prostrations while reciting the Qur'an, including three in al-Mufassal and two in Surah al-Hajj.Abu Dawud said: Abu al-Darda' has reported eleven prostrations from the Prophet (ﷺ), but chain of this tradition is weak.",Narrated Amr ibn al-'As:,"The Prophet (ﷺ) taught me fifteen prostrations while reciting the Qur'an, including three in al-Mufassal and two in Surah al-Hajj.Abu Dawud said: Abu al-Darda' has reported eleven prostrations from the Prophet (ﷺ), but chain of this tradition is weak.",حَدَّثَنَا مُحَمَّدُ بْنُ عَبْدِ الرَّحِيمِ بْنِ الْبَرْقِيِّ، حَدَّثَنَا ابْنُ أَبِي مَرْيَمَ، أَخْبَرَنَا نَافِعُ بْنُ يَزِيدَ، عَنِ الْحَارِثِ بْنِ سَعِيدٍ الْعُتَقِيِّ، عَنْ عَبْدِ اللَّهِ بْنِ مُنَيْنٍ، - مِنْ بَنِي عَبْدِ كُلاَلٍ - عَنْ عَمْرِو بْنِ الْعَاصِ، أَنَّ رَسُولَ اللَّهِ صلى الله عليه وسلم أَقْرَأَهُ خَمْسَ عَشْرَةَ سَجْدَةً فِي الْقُرْآنِ مِنْهَا ثَلاَثٌ فِي الْمُفَصَّلِ وَفِي سُورَةِ الْحَجِّ سَجْدَتَانِ ‏.‏ قَالَ أَبُو دَاوُدَ رُوِيَ عَنْ أَبِي الدَّرْدَاءِ عَنِ النَّبِيِّ صلى الله عليه وسلم إِحْدَى عَشْرَةَ سَجْدَةً وَإِسْنَادُهُ وَاهٍ ‏.‏, حَدَّثَنَا مُحَمَّدُ بْنُ عَبْدِ الرَّحِيمِ بْنِ الْبَرْقِيِّ، حَدَّثَنَا ابْنُ أَبِي مَرْيَمَ، أَخْبَرَنَا نَافِعُ بْنُ يَزِيدَ، عَنِ الْحَارِثِ بْنِ سَعِيدٍ الْعُتَقِيِّ، عَنْ عَبْدِ اللَّهِ بْنِ مُنَيْنٍ، مِنْ بَنِي عَبْدِ كُلاَلٍ عَنْ عَمْرِو بْنِ الْعَاصِ،, أَنَّ رَسُولَ اللَّهِ صلى الله عليه وسلم أَقْرَأَهُ خَمْسَ عَشْرَةَ سَجْدَةً فِي الْقُرْآنِ مِنْهَا ثَلاَثٌ فِي الْمُفَصَّلِ وَفِي سُورَةِ الْحَجِّ سَجْدَتَانِ قَالَ أَبُو دَاوُدَ رُوِيَ عَنْ أَبِي الدَّرْدَاءِ عَنِ النَّبِيِّ صلى الله عليه وسلم إِحْدَى عَشْرَةَ سَجْدَةً وَإِسْنَادُهُ وَاهٍ,,Daif - Weak,ضعيف
AbuDaud,7,Prayer (Kitab Al-Salat): Prostration while reciting the Qur'an,كتاب سجود القرآن,479, How Many Places Are There In The Qur'an Where Prostration Is Required,باب تَفْرِيعِ أَبْوَابِ السُّجُودِ وَكَمْ سَجْدَةٍ فِي الْقُرْآنِ,1268,"Narrated Uqbah ibn Amir: I said to the Messenger of Allah (ﷺ): Are there two prostrations in Surah al-Hajj? He replied: Yes; if anyone does not make two prostrations, he should not recite them.",Narrated Uqbah ibn Amir:,"I said to the Messenger of Allah (ﷺ): Are there two prostrations in Surah al-Hajj? He replied: Yes; if anyone does not make two prostrations, he should not recite them.",حَدَّثَنَا أَحْمَدُ بْنُ عَمْرِو بْنِ السَّرْحِ، أَخْبَرَنَا ابْنُ وَهْبٍ، أَخْبَرَنِي ابْنُ لَهِيعَةَ، أَنَّ مِشْرَحَ بْنَ هَاعَانَ أَبَا الْمُصْعَبِ، حَدَّثَهُ أَنَّ عُقْبَةَ بْنَ عَامِرٍ حَدَّثَهُ قَالَ قُلْتُ لِرَسُولِ اللَّهِ صلى الله عليه وسلم أَفِي سُورَةِ الْحَجِّ سَجْدَتَانِ قَالَ ‏ ‏ نَعَمْ وَمَنْ لَمْ يَسْجُدْهُمَا فَلاَ يَقْرَأْهُمَا ‏‏ ‏.‏, حَدَّثَنَا أَحْمَدُ بْنُ عَمْرِو بْنِ السَّرْحِ، أَخْبَرَنَا ابْنُ وَهْبٍ، أَخْبَرَنِي ابْنُ لَهِيعَةَ، أَنَّ مِشْرَحَ بْنَ هَاعَانَ أَبَا الْمُصْعَبِ، حَدَّثَهُ أَنَّ عُقْبَةَ بْنَ عَامِرٍ حَدَّثَهُ, قَالَ قُلْتُ لِرَسُولِ اللَّهِ صلى الله عليه وسلم أَفِي سُورَةِ الْحَجِّ سَجْدَتَانِ قَالَ نَعَمْ وَمَنْ لَمْ يَسْجُدْهُمَا فَلاَ يَقْرَأْهُمَا,,Daif - Weak,ضعيف
AbuDaud,7,Prayer (Kitab Al-Salat): Prostration while reciting the Qur'an,كتاب سجود القرآن,480, A View That There Is No Prostration In Mufassal Surahs,باب مَنْ لَمْ يَرَ السُّجُودَ فِي الْمُفَصَّلِ,1269,Narrated Abdullah ibn Abbas: The Messenger of Allah (ﷺ) did not make a prostration at any verse in al-Mufassal from the time he moved to Medina.,Narrated Abdullah ibn Abbas:,The Messenger of Allah (ﷺ) did not make a prostration at any verse in al-Mufassal from the time he moved to Medina.,حَدَّثَنَا مُحَمَّدُ بْنُ رَافِعٍ، حَدَّثَنَا أَزْهَرُ بْنُ الْقَاسِمِ، - قَالَ مُحَمَّدٌ رَأَيْتُهُ بِمَكَّةَ - حَدَّثَنَا أَبُو قُدَامَةَ، عَنْ مَطَرٍ الْوَرَّاقِ، عَنْ عِكْرِمَةَ، عَنِ ابْنِ عَبَّاسٍ، أَنَّ رَسُولَ اللَّهِ صلى الله عليه وسلم لَمْ يَسْجُدْ فِي شَىْءٍ مِنَ الْمُفَصَّلِ مُنْذُ تَحَوَّلَ إِلَى الْمَدِينَةِ ‏.‏, حَدَّثَنَا مُحَمَّدُ بْنُ رَافِعٍ، حَدَّثَنَا أَزْهَرُ بْنُ الْقَاسِمِ، قَالَ مُحَمَّدٌ رَأَيْتُهُ بِمَكَّةَ حَدَّثَنَا أَبُو قُدَامَةَ، عَنْ مَطَرٍ الْوَرَّاقِ، عَنْ عِكْرِمَةَ، عَنِ ابْنِ عَبَّاسٍ،, أَنَّ رَسُولَ اللَّهِ صلى الله عليه وسلم لَمْ يَسْجُدْ فِي شَىْءٍ مِنَ الْمُفَصَّلِ مُنْذُ تَحَوَّلَ إِلَى الْمَدِينَةِ,,Daif - Weak,ضعيف
AbuDaud,7,Prayer (Kitab Al-Salat): Prostration while reciting the Qur'an,كتاب سجود القرآن,480, A View That There Is No Prostration In Mufassal Surahs,باب مَنْ لَمْ يَرَ السُّجُودَ فِي الْمُفَصَّلِ,1270,"On the authority of Zaid bin Thabit, he said: ""I recited to the Messenger of Allah (ﷺ) (Surat) An-Najm and he did not prostrate in it.""","On the authority of Zaid bin Thabit, he said:","""I recited to the Messenger of Allah (ﷺ) (Surat) An-Najm and he did not prostrate in it.""",حَدَّثَنَا هَنَّادُ بْنُ السَّرِيِّ، حَدَّثَنَا وَكِيعٌ، عَنِ ابْنِ أَبِي ذِئْبٍ، عَنْ يَزِيدَ بْنِ عَبْدِ اللَّهِ بْنِ قُسَيْطٍ، عَنْ عَطَاءِ بْنِ يَسَارٍ، عَنْ زَيْدِ بْنِ ثَابِتٍ، قَالَ قَرَأْتُ عَلَى رَسُولِ اللَّهِ صلى الله عليه وسلم النَّجْمَ فَلَمْ يَسْجُدْ فِيهَا ‏.‏, حَدَّثَنَا هَنَّادُ بْنُ السَّرِيِّ، حَدَّثَنَا وَكِيعٌ، عَنِ ابْنِ أَبِي ذِئْبٍ، عَنْ يَزِيدَ بْنِ عَبْدِ اللَّهِ بْنِ قُسَيْطٍ، عَنْ عَطَاءِ بْنِ يَسَارٍ، عَنْ زَيْدِ بْنِ ثَابِتٍ، قَالَ, قَرَأْتُ عَلَى رَسُولِ اللَّهِ صلى الله عليه وسلم النَّجْمَ فَلَمْ يَسْجُدْ فِيهَا,,Sahih - Authentic,صحيح
AbuDaud,7,Prayer (Kitab Al-Salat): Prostration while reciting the Qur'an,كتاب سجود القرآن,480, A View That There Is No Prostration In Mufassal Surahs,باب مَنْ لَمْ يَرَ السُّجُودَ فِي الْمُفَصَّلِ,1271,"This tradition has also been transmitted by Zaid b. Thabit through a different chain of narrators to the same effect.


Abu Dawud said: Zaid was imam (in a prayer) and he did not make prostration.","This tradition has also been transmitted by Zaid b. Thabit through a different chain of narrators to the same effect.


Abu Dawud said:",Zaid was imam (in a prayer) and he did not make prostration.,حَدَّثَنَا ابْنُ السَّرْحِ، أَخْبَرَنَا ابْنُ وَهْبٍ، حَدَّثَنَا أَبُو صَخْرٍ، عَنِ ابْنِ قُسَيْطٍ، عَنْ خَارِجَةَ بْنِ زَيْدِ بْنِ ثَابِتٍ، عَنْ أَبِيهِ، عَنِ النَّبِيِّ صلى الله عليه وسلم بِمَعْنَاهُ ‏.‏ قَالَ أَبُو دَاوُدَ كَانَ زَيْدٌ الإِمَامَ فَلَمْ يَسْجُدْ فِيهَا ‏.‏, حَدَّثَنَا ابْنُ السَّرْحِ، أَخْبَرَنَا ابْنُ وَهْبٍ، حَدَّثَنَا أَبُو صَخْرٍ، عَنِ ابْنِ قُسَيْطٍ، عَنْ خَارِجَةَ بْنِ زَيْدِ بْنِ ثَابِتٍ، عَنْ أَبِيهِ،, عَنِ النَّبِيِّ صلى الله عليه وسلم بِمَعْنَاهُ قَالَ أَبُو دَاوُدَ كَانَ زَيْدٌ الإِمَامَ فَلَمْ يَسْجُدْ فِيهَا,,Sahih - Authentic,صحيح
AbuDaud,7,Prayer (Kitab Al-Salat): Prostration while reciting the Qur'an,كتاب سجود القرآن,481, A View That There Is Prostration In Mufassal Surahs,باب مَنْ رَأَى فِيهَا السُّجُودَ,1272,Narrated 'Abd Allah (b. Mas'ud): The Messenger of Allah (ﷺ) recited Surah al-Najm and prostrated himself. No one remained there who did not prostrate (along with him). A man from the people took a handful of pebbles or dust and raised it to his face saying: This is enough for me. 'Abd Allah (b. Mas'ud) said: I later saw him killed as an infidel.,Narrated 'Abd Allah (b. Mas'ud):,The Messenger of Allah (ﷺ) recited Surah al-Najm and prostrated himself. No one remained there who did not prostrate (along with him). A man from the people took a handful of pebbles or dust and raised it to his face saying: This is enough for me. 'Abd Allah (b. Mas'ud) said: I later saw him killed as an infidel.,حَدَّثَنَا حَفْصُ بْنُ عُمَرَ، حَدَّثَنَا شُعْبَةُ، عَنْ أَبِي إِسْحَاقَ، عَنِ الأَسْوَدِ، عَنْ عَبْدِ اللَّهِ، أَنَّ رَسُولَ اللَّهِ صلى الله عليه وسلم قَرَأَ سُورَةَ النَّجْمِ فَسَجَدَ فِيهَا وَمَا بَقِيَ أَحَدٌ مِنَ الْقَوْمِ إِلاَّ سَجَدَ فَأَخَذَ رَجُلٌ مِنَ الْقَوْمِ كَفًّا مِنْ حَصًى أَوْ تُرَابٍ فَرَفَعَهُ إِلَى وَجْهِهِ وَقَالَ يَكْفِينِي هَذَا ‏.‏ قَالَ عَبْدُ اللَّهِ فَلَقَدْ رَأَيْتُهُ بَعْدَ ذَلِكَ قُتِلَ كَافِرًا ‏.‏, حَدَّثَنَا حَفْصُ بْنُ عُمَرَ، حَدَّثَنَا شُعْبَةُ، عَنْ أَبِي إِسْحَاقَ، عَنِ الأَسْوَدِ، عَنْ عَبْدِ, اللَّهِ، أَنَّ رَسُولَ اللَّهِ صلى الله عليه وسلم قَرَأَ سُورَةَ النَّجْمِ فَسَجَدَ فِيهَا وَمَا بَقِيَ أَحَدٌ مِنَ الْقَوْمِ إِلاَّ سَجَدَ فَأَخَذَ رَجُلٌ مِنَ الْقَوْمِ كَفًّا مِنْ حَصًى أَوْ تُرَابٍ فَرَفَعَهُ إِلَى وَجْهِهِ وَقَالَ يَكْفِينِي هَذَا قَالَ عَبْدُ اللَّهِ فَلَقَدْ رَأَيْتُهُ بَعْدَ ذَلِكَ قُتِلَ كَافِرًا,,Sahih - Authentic,صحيح
AbuDaud,7,Prayer (Kitab Al-Salat): Prostration while reciting the Qur'an,كتاب سجود القرآن,482, Prostration In Surah's Inshiqaq And Iqra',باب السُّجُودِ فِي ‏{‏ إِذَا السَّمَاءُ انْشَقَّتْ ‏}‏ وَ ‏{‏ اقْرَأْ ‏}‏,1273,"Narrated Abu Hurairah: We prostrated ourselves along with the Messenger of Allah (ﷺ) on account of: ""When the sky is rent asunder"" and ""Recite in the name of Your Lord Who created""",Narrated Abu Hurairah:,"We prostrated ourselves along with the Messenger of Allah (ﷺ) on account of: ""When the sky is rent asunder"" and ""Recite in the name of Your Lord Who created""",حَدَّثَنَا مُسَدَّدٌ، حَدَّثَنَا سُفْيَانُ، عَنْ أَيُّوبَ بْنِ مُوسَى، عَنْ عَطَاءِ بْنِ مِينَاءَ، عَنْ أَبِي هُرَيْرَةَ، قَالَ سَجَدْنَا مَعَ رَسُولِ اللَّهِ صلى الله عليه وسلم فِي ‏{‏ إِذَا السَّمَاءُ انْشَقَّتْ ‏}‏ وَ ‏{‏ اقْرَأْ بِاسْمِ رَبِّكَ الَّذِي خَلَقَ ‏}‏ ‏.‏, حَدَّثَنَا مُسَدَّدٌ، حَدَّثَنَا سُفْيَانُ، عَنْ أَيُّوبَ بْنِ مُوسَى، عَنْ عَطَاءِ بْنِ مِينَاءَ، عَنْ أَبِي هُرَيْرَةَ، قَالَ, سَجَدْنَا مَعَ رَسُولِ اللَّهِ صلى الله عليه وسلم فِي إِذَا السَّمَاءُ انْشَقَّتْ وَ اقْرَأْ بِاسْمِ رَبِّكَ الَّذِي خَلَقَ,,Sahih - Authentic,صحيح
AbuDaud,7,Prayer (Kitab Al-Salat): Prostration while reciting the Qur'an,كتاب سجود القرآن,482, Prostration In Surah's Inshiqaq And Iqra',باب السُّجُودِ فِي ‏{‏ إِذَا السَّمَاءُ انْشَقَّتْ ‏}‏ وَ ‏{‏ اقْرَأْ ‏}‏,1274,"Narrated Abu Rafi': I offered the night prayer behind Abu Hurairah. He recited Surah Inshiqaq (""When the sky is rent asunder"") and prostrated himself. I asked him: What is this prostration ? He replied: I prostrated myself on account of this (surah) behind Abu al-Qasim (i.e. the Prophet). I shall continue prostrating on account of this till I meet him.",Narrated Abu Rafi':,"I offered the night prayer behind Abu Hurairah. He recited Surah Inshiqaq (""When the sky is rent asunder"") and prostrated himself. I asked him: What is this prostration ? He replied: I prostrated myself on account of this (surah) behind Abu al-Qasim (i.e. the Prophet). I shall continue prostrating on account of this till I meet him.",حَدَّثَنَا مُسَدَّدٌ، حَدَّثَنَا الْمُعْتَمِرُ، قَالَ سَمِعْتُ أَبِي، حَدَّثَنَا بَكْرٌ، عَنْ أَبِي رَافِعٍ، قَالَ صَلَّيْتُ مَعَ أَبِي هُرَيْرَةَ الْعَتَمَةَ فَقَرَأَ ‏{‏ إِذَا السَّمَاءُ انْشَقَّتْ ‏}‏ فَسَجَدَ فَقُلْتُ مَا هَذِهِ السَّجْدَةُ قَالَ سَجَدْتُ بِهَا خَلْفَ أَبِي الْقَاسِمِ صلى الله عليه وسلم فَلاَ أَزَالُ أَسْجُدُ بِهَا حَتَّى أَلْقَاهُ ‏.‏, حَدَّثَنَا مُسَدَّدٌ، حَدَّثَنَا الْمُعْتَمِرُ، قَالَ سَمِعْتُ أَبِي، حَدَّثَنَا بَكْرٌ، عَنْ أَبِي رَافِعٍ، قَالَ, صَلَّيْتُ مَعَ أَبِي هُرَيْرَةَ الْعَتَمَةَ فَقَرَأَ إِذَا السَّمَاءُ انْشَقَّتْ فَسَجَدَ فَقُلْتُ مَا هَذِهِ السَّجْدَةُ قَالَ سَجَدْتُ بِهَا خَلْفَ أَبِي الْقَاسِمِ صلى الله عليه وسلم فَلاَ أَزَالُ أَسْجُدُ بِهَا حَتَّى أَلْقَاهُ,,Sahih - Authentic,صحيح
AbuDaud,7,Prayer (Kitab Al-Salat): Prostration while reciting the Qur'an,كتاب سجود القرآن,483, The Prostration In Surah Sad,باب السُّجُودِ فِي ‏{‏ ص ‏}‏,1275,"Narrated Ibn 'Abbas: A prostration when reciting Sad is not one of those which are divinely commanded, but I have seen Messenger of Allah (ﷺ) prostrate himself.",Narrated Ibn 'Abbas:,"A prostration when reciting Sad is not one of those which are divinely commanded, but I have seen Messenger of Allah (ﷺ) prostrate himself.",حَدَّثَنَا مُوسَى بْنُ إِسْمَاعِيلَ، حَدَّثَنَا وُهَيْبٌ، حَدَّثَنَا أَيُّوبُ، عَنْ عِكْرِمَةَ، عَنِ ابْنِ عَبَّاسٍ، قَالَ لَيْسَ ‏{‏ ص ‏}‏ مِنْ عَزَائِمِ السُّجُودِ وَقَدْ رَأَيْتُ رَسُولَ اللَّهِ صلى الله عليه وسلم يَسْجُدُ فِيهَا ‏.‏, حَدَّثَنَا مُوسَى بْنُ إِسْمَاعِيلَ، حَدَّثَنَا وُهَيْبٌ، حَدَّثَنَا أَيُّوبُ، عَنْ عِكْرِمَةَ، عَنِ ابْنِ عَبَّاسٍ،, قَالَ لَيْسَ ص مِنْ عَزَائِمِ السُّجُودِ وَقَدْ رَأَيْتُ رَسُولَ اللَّهِ صلى الله عليه وسلم يَسْجُدُ فِيهَا,,Sahih - Authentic,صحيح
AbuDaud,7,Prayer (Kitab Al-Salat): Prostration while reciting the Qur'an,كتاب سجود القرآن,483, The Prostration In Surah Sad,باب السُّجُودِ فِي ‏{‏ ص ‏}‏,1276,"Narrated Sa'id al-Khudri: The Messenger of Allah (ﷺ) recited surah Sad on the pulpit. When he reached the place of prostration (in the surah), he descended and prostrated himself and the people prostrated with him. When the next day came, he recited it. When he reached the place of prostration (in the surah), the people became ready for prostration. Thereupon the Messenger of Allah (ﷺ) said: This is the repentance of a Prophet ; but I saw you being ready for prostration. So he descended and prostrated himself and the people prostrated along with him.",Narrated Sa'id al-Khudri:,"The Messenger of Allah (ﷺ) recited surah Sad on the pulpit. When he reached the place of prostration (in the surah), he descended and prostrated himself and the people prostrated with him. When the next day came, he recited it. When he reached the place of prostration (in the surah), the people became ready for prostration. Thereupon the Messenger of Allah (ﷺ) said: This is the repentance of a Prophet ; but I saw you being ready for prostration. So he descended and prostrated himself and the people prostrated along with him.",حَدَّثَنَا أَحْمَدُ بْنُ صَالِحٍ، حَدَّثَنَا ابْنُ وَهْبٍ، أَخْبَرَنِي عَمْرٌو، - يَعْنِي ابْنَ الْحَارِثِ - عَنِ ابْنِ أَبِي هِلاَلٍ، عَنْ عِيَاضِ بْنِ عَبْدِ اللَّهِ بْنِ سَعْدِ بْنِ أَبِي سَرْحٍ، عَنْ أَبِي سَعِيدٍ الْخُدْرِيِّ، أَنَّهُ قَالَ قَرَأَ رَسُولُ اللَّهِ صلى الله عليه وسلم وَهُوَ عَلَى الْمِنْبَرِ ‏{‏ ص ‏}‏ فَلَمَّا بَلَغَ السَّجْدَةَ نَزَلَ فَسَجَدَ وَسَجَدَ النَّاسُ مَعَهُ فَلَمَّا كَانَ يَوْمٌ آخَرُ قَرَأَهَا فَلَمَّا بَلَغَ السَّجْدَةَ تَشَزَّنَ النَّاسُ لِلسُّجُودِ فَقَالَ النَّبِيُّ صلى الله عليه وسلم ‏ ‏ إِنَّمَا هِيَ تَوْبَةُ نَبِيٍّ وَلَكِنِّي رَأَيْتُكُمْ تَشَزَّنْتُمْ لِلسُّجُودِ ‏‏ ‏.‏ فَنَزَلَ فَسَجَدَ وَسَجَدُوا ‏.‏, حَدَّثَنَا أَحْمَدُ بْنُ صَالِحٍ، حَدَّثَنَا ابْنُ وَهْبٍ، أَخْبَرَنِي عَمْرٌو، يَعْنِي ابْنَ الْحَارِثِ عَنِ ابْنِ أَبِي هِلاَلٍ، عَنْ عِيَاضِ بْنِ عَبْدِ اللَّهِ بْنِ سَعْدِ بْنِ أَبِي سَرْحٍ، عَنْ أَبِي سَعِيدٍ الْخُدْرِيِّ، أَنَّهُ قَالَ, قَرَأَ رَسُولُ اللَّهِ صلى الله عليه وسلم وَهُوَ عَلَى الْمِنْبَرِ ص فَلَمَّا بَلَغَ السَّجْدَةَ نَزَلَ فَسَجَدَ وَسَجَدَ النَّاسُ مَعَهُ فَلَمَّا كَانَ يَوْمٌ آخَرُ قَرَأَهَا فَلَمَّا بَلَغَ السَّجْدَةَ تَشَزَّنَ النَّاسُ لِلسُّجُودِ فَقَالَ النَّبِيُّ صلى الله عليه وسلم إِنَّمَا هِيَ تَوْبَةُ نَبِيٍّ وَلَكِنِّي رَأَيْتُكُمْ تَشَزَّنْتُمْ لِلسُّجُودِ فَنَزَلَ فَسَجَدَ وَسَجَدُوا,,Sahih - Authentic,صحيح
AbuDaud,7,Prayer (Kitab Al-Salat): Prostration while reciting the Qur'an,كتاب سجود القرآن,484," A Person On A Mount Hears A Verse Of Prostration, Or Someone Who Is Not Praying (Should He Prostrate?)",باب فِي الرَّجُلِ يَسْمَعُ السَّجْدَةَ وَهُوَ رَاكِبٌ وَفِي غَيْرِ الصَّلاَةِ,1277,"Narrated Abdullah ibn Umar: In the year of Conquest the Messenger of Allah (ﷺ) recited a verse at which a prostration should be made and all the people prostrated themselves. Some were mounted, and some were prostrating themselves on the ground, and those who were mounted prostrated themselves on their hands.",Narrated Abdullah ibn Umar:,"In the year of Conquest the Messenger of Allah (ﷺ) recited a verse at which a prostration should be made and all the people prostrated themselves. Some were mounted, and some were prostrating themselves on the ground, and those who were mounted prostrated themselves on their hands.",حَدَّثَنَا مُحَمَّدُ بْنُ عُثْمَانَ الدِّمَشْقِيُّ أَبُو الْجُمَاهِرِ، حَدَّثَنَا عَبْدُ الْعَزِيزِ، - يَعْنِي ابْنَ مُحَمَّدٍ - عَنْ مُصْعَبِ بْنِ ثَابِتِ بْنِ عَبْدِ اللَّهِ بْنِ الزُّبَيْرِ، عَنْ نَافِعٍ، عَنِ ابْنِ عُمَرَ، أَنَّ رَسُولَ اللَّهِ صلى الله عليه وسلم قَرَأَ عَامَ الْفَتْحِ سَجْدَةً فَسَجَدَ النَّاسُ كُلُّهُمْ مِنْهُمُ الرَّاكِبُ وَالسَّاجِدُ فِي الأَرْضِ حَتَّى إِنَّ الرَّاكِبَ لَيَسْجُدُ عَلَى يَدِهِ ‏.‏, حَدَّثَنَا مُحَمَّدُ بْنُ عُثْمَانَ الدِّمَشْقِيُّ أَبُو الْجُمَاهِرِ، حَدَّثَنَا عَبْدُ الْعَزِيزِ، يَعْنِي ابْنَ مُحَمَّدٍ عَنْ مُصْعَبِ بْنِ ثَابِتِ بْنِ عَبْدِ اللَّهِ بْنِ الزُّبَيْرِ، عَنْ نَافِعٍ، عَنِ ابْنِ عُمَرَ،, أَنَّ رَسُولَ اللَّهِ صلى الله عليه وسلم قَرَأَ عَامَ الْفَتْحِ سَجْدَةً فَسَجَدَ النَّاسُ كُلُّهُمْ مِنْهُمُ الرَّاكِبُ وَالسَّاجِدُ فِي الأَرْضِ حَتَّى إِنَّ الرَّاكِبَ لَيَسْجُدُ عَلَى يَدِهِ,,Daif - Weak,ضعيف
AbuDaud,7,Prayer (Kitab Al-Salat): Prostration while reciting the Qur'an,كتاب سجود القرآن,484," A Person On A Mount Hears A Verse Of Prostration, Or Someone Who Is Not Praying (Should He Prostrate?)",باب فِي الرَّجُلِ يَسْمَعُ السَّجْدَةَ وَهُوَ رَاكِبٌ وَفِي غَيْرِ الصَّلاَةِ,1278,"Narrated Ibn 'Umar: The Messenger of Allah (ﷺ) would recite to us a surah (according to the version of Ibn Numair) outside the prayer (the agreed version goes), then he would prostrate along with him, and none of us could find a place for his forehead.",Narrated Ibn 'Umar:,"The Messenger of Allah (ﷺ) would recite to us a surah (according to the version of Ibn Numair) outside the prayer (the agreed version goes), then he would prostrate along with him, and none of us could find a place for his forehead.",حَدَّثَنَا أَحْمَدُ بْنُ حَنْبَلٍ، حَدَّثَنَا يَحْيَى بْنُ سَعِيدٍ، ح وَحَدَّثَنَا أَحْمَدُ بْنُ أَبِي شُعَيْبٍ، حَدَّثَنَا ابْنُ نُمَيْرٍ، - الْمَعْنَى - عَنْ عُبَيْدِ اللَّهِ، عَنْ نَافِعٍ، عَنِ ابْنِ عُمَرَ، قَالَ كَانَ رَسُولُ اللَّهِ صلى الله عليه وسلم يَقْرَأُ عَلَيْنَا السُّورَةَ - قَالَ ابْنُ نُمَيْرٍ فِي غَيْرِ الصَّلاَةِ ثُمَّ اتَّفَقَا - فَيَسْجُدُ وَنَسْجُدُ مَعَهُ حَتَّى لاَ يَجِدُ أَحَدُنَا مَكَانًا لِمَوْضِعِ جَبْهَتِهِ ‏.‏, حَدَّثَنَا أَحْمَدُ بْنُ حَنْبَلٍ، حَدَّثَنَا يَحْيَى بْنُ سَعِيدٍ، ح وَحَدَّثَنَا أَحْمَدُ بْنُ أَبِي شُعَيْبٍ، حَدَّثَنَا ابْنُ نُمَيْرٍ، الْمَعْنَى عَنْ عُبَيْدِ اللَّهِ، عَنْ نَافِعٍ، عَنِ ابْنِ عُمَرَ،, قَالَ كَانَ رَسُولُ اللَّهِ صلى الله عليه وسلم يَقْرَأُ عَلَيْنَا السُّورَةَ قَالَ ابْنُ نُمَيْرٍ فِي غَيْرِ الصَّلاَةِ ثُمَّ اتَّفَقَا فَيَسْجُدُ وَنَسْجُدُ مَعَهُ حَتَّى لاَ يَجِدُ أَحَدُنَا مَكَانًا لِمَوْضِعِ جَبْهَتِهِ,,Sahih - Authentic,صحيح
AbuDaud,7,Prayer (Kitab Al-Salat): Prostration while reciting the Qur'an,كتاب سجود القرآن,484," A Person On A Mount Hears A Verse Of Prostration, Or Someone Who Is Not Praying (Should He Prostrate?)",باب فِي الرَّجُلِ يَسْمَعُ السَّجْدَةَ وَهُوَ رَاكِبٌ وَفِي غَيْرِ الصَّلاَةِ,1279,"Narrated Abdullah ibn Umar: The Messenger of Allah (ﷺ) used to recite the Qur'an to us. When he came upon the verse containing prostration, he would utter the takbir (Allah is most great) and we would prostrate ourselves along with him.The narrator 'Abd al-Razzaq said: Al-Thawri liked this tradition very much.Abu Dawud said: This was liked by him for this contains the uttering of takbir.",Narrated Abdullah ibn Umar:,"The Messenger of Allah (ﷺ) used to recite the Qur'an to us. When he came upon the verse containing prostration, he would utter the takbir (Allah is most great) and we would prostrate ourselves along with him.The narrator 'Abd al-Razzaq said: Al-Thawri liked this tradition very much.Abu Dawud said: This was liked by him for this contains the uttering of takbir.",حَدَّثَنَا أَحْمَدُ بْنُ الْفُرَاتِ أَبُو مَسْعُودٍ الرَّازِيُّ، أَخْبَرَنَا عَبْدُ الرَّزَّاقِ، أَخْبَرَنَا عَبْدُ اللَّهِ بْنُ عُمَرَ، عَنْ نَافِعٍ، عَنِ ابْنِ عُمَرَ، قَالَ كَانَ رَسُولُ اللَّهِ صلى الله عليه وسلم يَقْرَأُ عَلَيْنَا الْقُرْآنَ فَإِذَا مَرَّ بِالسَّجْدَةِ كَبَّرَ وَسَجَدَ وَسَجَدْنَا ‏.‏ قَالَ عَبْدُ الرَّزَّاقِ وَكَانَ الثَّوْرِيُّ يُعْجِبُهُ هَذَا الْحَدِيثُ ‏.‏ قَالَ أَبُو دَاوُدَ يُعْجِبُهُ لأَنَّهُ كَبَّرَ ‏.‏, حَدَّثَنَا أَحْمَدُ بْنُ الْفُرَاتِ أَبُو مَسْعُودٍ الرَّازِيُّ، أَخْبَرَنَا عَبْدُ الرَّزَّاقِ، أَخْبَرَنَا عَبْدُ اللَّهِ بْنُ عُمَرَ، عَنْ نَافِعٍ، عَنِ ابْنِ عُمَرَ،, قَالَ كَانَ رَسُولُ اللَّهِ صلى الله عليه وسلم يَقْرَأُ عَلَيْنَا الْقُرْآنَ فَإِذَا مَرَّ بِالسَّجْدَةِ كَبَّرَ وَسَجَدَ وَسَجَدْنَا قَالَ عَبْدُ الرَّزَّاقِ وَكَانَ الثَّوْرِيُّ يُعْجِبُهُ هَذَا الْحَدِيثُ قَالَ أَبُو دَاوُدَ يُعْجِبُهُ لأَنَّهُ كَبَّرَ,,,منكر والمحفوظ دونه
AbuDaud,7,Prayer (Kitab Al-Salat): Prostration while reciting the Qur'an,كتاب سجود القرآن,485, What Should One Say In Prostration ?,باب مَا يَقُولُ إِذَا سَجَدَ,1280,"Narrated Aisha, Ummul Mu'minin: The Messenger of Allah (ﷺ) prostrated himself at night when reciting the Qur'an. He said repeatedly: My face prostrates itself to Him Who created it and brought forth its hearing and seeing by His might and power.","Narrated Aisha, Ummul Mu'minin:",The Messenger of Allah (ﷺ) prostrated himself at night when reciting the Qur'an. He said repeatedly: My face prostrates itself to Him Who created it and brought forth its hearing and seeing by His might and power.,حَدَّثَنَا مُسَدَّدٌ، حَدَّثَنَا إِسْمَاعِيلُ، حَدَّثَنَا خَالِدٌ الْحَذَّاءُ، عَنْ رَجُلٍ، عَنْ أَبِي الْعَالِيَةِ، عَنْ عَائِشَةَ، - رضى الله عنها - قَالَتْ كَانَ رَسُولُ اللَّهِ صلى الله عليه وسلم يَقُولُ فِي سُجُودِ الْقُرْآنِ بِاللَّيْلِ يَقُولُ فِي السَّجْدَةِ مِرَارًا ‏ ‏ سَجَدَ وَجْهِي لِلَّذِي خَلَقَهُ وَشَقَّ سَمْعَهُ وَبَصَرَهُ بِحَوْلِهِ وَقُوَّتِهِ ‏‏ ‏.‏, حَدَّثَنَا مُسَدَّدٌ، حَدَّثَنَا إِسْمَاعِيلُ، حَدَّثَنَا خَالِدٌ الْحَذَّاءُ، عَنْ رَجُلٍ، عَنْ أَبِي الْعَالِيَةِ، عَنْ عَائِشَةَ، رضى الله عنها, قَالَتْ كَانَ رَسُولُ اللَّهِ صلى الله عليه وسلم يَقُولُ فِي سُجُودِ الْقُرْآنِ بِاللَّيْلِ يَقُولُ فِي السَّجْدَةِ مِرَارًا سَجَدَ وَجْهِي لِلَّذِي خَلَقَهُ وَشَقَّ سَمْعَهُ وَبَصَرَهُ بِحَوْلِهِ وَقُوَّتِهِ,,Sahih - Authentic,صحيح
AbuDaud,7,Prayer (Kitab Al-Salat): Prostration while reciting the Qur'an,كتاب سجود القرآن,486, One Who Recites A Verse Of Prostration After Subh,باب فِيمَنْ يَقْرَأُ السَّجْدَةَ بَعْدَ الصُّبْحِ,1281,"Narrated AbuTamimah al-Hujaymi: When we came to Medina accompanying the caravan, I used to preach after the dawn prayer, and prostrate on account of the recitation of the Qur'an. Ibn Umar prohibited me three times, but I did not ceasedoing that. He then repeated (his prohibition) saying: I prayed behind the Messenger of Allah (ﷺ), AbuBakr, Umar and Uthman, they would not prostrate (on account of the recitation of the Qur'an) till the sun had risen.",Narrated AbuTamimah al-Hujaymi:,"When we came to Medina accompanying the caravan, I used to preach after the dawn prayer, and prostrate on account of the recitation of the Qur'an. Ibn Umar prohibited me three times, but I did not ceasedoing that. He then repeated (his prohibition) saying: I prayed behind the Messenger of Allah (ﷺ), AbuBakr, Umar and Uthman, they would not prostrate (on account of the recitation of the Qur'an) till the sun had risen.",حَدَّثَنَا عَبْدُ اللَّهِ بْنُ الصَّبَّاحِ الْعَطَّارُ، حَدَّثَنَا أَبُو بَحْرٍ، حَدَّثَنَا ثَابِتُ بْنُ عُمَارَةَ، حَدَّثَنَا أَبُو تَمِيمَةَ الْهُجَيْمِيُّ، قَالَ لَمَّا بَعَثْنَا الرَّكْبَ - قَالَ أَبُو دَاوُدَ يَعْنِي إِلَى الْمَدِينَةِ قَالَ - كُنْتُ أَقُصُّ بَعْدَ صَلاَةِ الصُّبْحِ فَأَسْجُدُ فَنَهَانِي ابْنُ عُمَرَ فَلَمْ أَنْتَهِ ثَلاَثَ مِرَارٍ ثُمَّ عَادَ فَقَالَ إِنِّي صَلَّيْتُ خَلْفَ رَسُولِ اللَّهِ صلى الله عليه وسلم وَمَعَ أَبِي بَكْرٍ وَعُمَرَ وَعُثْمَانَ - رضى الله عنهم - فَلَمْ يَسْجُدُوا حَتَّى تَطْلُعَ الشَّمْسُ ‏.‏, حَدَّثَنَا عَبْدُ اللَّهِ بْنُ الصَّبَّاحِ الْعَطَّارُ، حَدَّثَنَا أَبُو بَحْرٍ، حَدَّثَنَا ثَابِتُ بْنُ عُمَارَةَ، حَدَّثَنَا, أَبُو تَمِيمَةَ الْهُجَيْمِيُّ، قَالَ لَمَّا بَعَثْنَا الرَّكْبَ قَالَ أَبُو دَاوُدَ يَعْنِي إِلَى الْمَدِينَةِ قَالَ كُنْتُ أَقُصُّ بَعْدَ صَلاَةِ الصُّبْحِ فَأَسْجُدُ فَنَهَانِي ابْنُ عُمَرَ فَلَمْ أَنْتَهِ ثَلاَثَ مِرَارٍ ثُمَّ عَادَ فَقَالَ إِنِّي صَلَّيْتُ خَلْفَ رَسُولِ اللَّهِ صلى الله عليه وسلم وَمَعَ أَبِي بَكْرٍ وَعُمَرَ وَعُثْمَانَ رضى الله عنهم فَلَمْ يَسْجُدُوا حَتَّى تَطْلُعَ الشَّمْسُ,,Daif - Weak,ضعيف
